prediction_source,cod_linha,hour,pred_atraso_aproximado_min,real_atraso_aproximado_min,n_registros
llama_3_3_70b_v2_retry2,18,23,3.7674875335727287,8.841679894179894,6
llama_3_3_70b_v2_retry2,621,22,3.1672638211346342,4.133712121212121,11
llama_3_3_70b_v2_retry2,370,23,2.8611825955908885,4.041666666666667,10
llama_3_3_70b_v2_retry2,144,17,2.8593872169057923,1.3998611111111112,12
llama_3_3_70b_v2_retry2,619,23,2.849527571930498,4.395701058201058,6
llama_3_3_70b_v2_retry2,821,23,2.80590996092797,8.088888888888889,6
llama_3_3_70b_v2_retry2,806,23,2.793215071952857,1.9334866767219707,17
llama_3_3_70b_v2_retry2,359,23,2.7706052115679882,1.057936507936508,6
llama_3_3_70b_v2_retry2,214,21,2.7684702084394766,8.79861111111111,6
llama_3_3_70b_v2_retry2,629,23,2.6780565099194518,2.7537037037037035,9
llama_3_3_70b_v2_retry2,630,21,2.6737544742505057,8.156527777777777,6
llama_3_3_70b_v2_retry2,621,23,2.666065420469984,3.281944444444444,10
llama_3_3_70b_v2_retry2,150,18,2.6368926746586627,2.1783333333333332,5
llama_3_3_70b_v2_retry2,122,23,2.6134117857437245,0.5676455026455026,21
llama_3_3_70b_v2_retry2,378,22,2.576640327992782,3.8544444444444443,10
llama_3_3_70b_v2_retry2,635,23,2.5329938851430986,1.3497023809523807,8
llama_3_3_70b_v2_retry2,353,22,2.475341586784739,7.118241963452048,7
llama_3_3_70b_v2_retry2,351,23,2.43076066810672,2.0807142857142855,10
llama_3_3_70b_v2_retry2,206,22,2.4271388191966636,1.893231292517007,7
llama_3_3_70b_v2_retry2,626,23,2.426036702581329,0.6174074074074074,9
llama_3_3_70b_v2_retry2,881,23,2.395037107752419,2.3605392156862743,17
llama_3_3_70b_v2_retry2,524,20,2.358714364229376,1.4714285714285715,7
llama_3_3_70b_v2_retry2,433,22,2.345607731272648,11.223809523809523,7
llama_3_3_70b_v2_retry2,815,23,2.3201051858117108,1.5653354741019214,16
llama_3_3_70b_v2_retry2,353,23,2.3181209417072335,7.630991285403051,6
llama_3_3_70b_v2_retry2,326,23,2.3067898200588033,2.0221024346024348,9
llama_3_3_70b_v2_retry2,632,22,2.3053928871032903,6.047222222222222,6
llama_3_3_70b_v2_retry2,500,23,2.3001101326067395,0.7289682539682543,7
llama_3_3_70b_v2_retry2,342,20,2.2804323507274473,4.776666666666666,10
llama_3_3_70b_v2_retry2,744,21,2.2796500607968704,0.0,6
llama_3_3_70b_v2_retry2,630,23,2.2747434837589977,2.4746666666666663,5
llama_3_3_70b_v2_retry2,959,22,2.2741109856485586,4.575,6
llama_3_3_70b_v2_retry2,214,22,2.250090046397669,3.4910493827160494,9
llama_3_3_70b_v2_retry2,804,23,2.244435432438008,5.453009259259258,6
llama_3_3_70b_v2_retry2,643,21,2.2060045836026867,2.6447916666666664,8
llama_3_3_70b_v2_retry2,213,22,2.1911941630976073,5.783585858585858,11
llama_3_3_70b_v2_retry2,138,22,2.1358877024408445,5.246291666666667,10
llama_3_3_70b_v2_retry2,628,23,2.1224018752706546,12.46824074074074,6
llama_3_3_70b_v2_retry2,832,23,2.098730050389115,1.2143055555555555,10
llama_3_3_70b_v2_retry2,619,22,2.0905823662494267,2.015698653198653,11
llama_3_3_70b_v2_retry2,860,20,2.0438621396048786,7.623333333333332,5
llama_3_3_70b_v2_retry2,334,22,1.978635243795791,2.7357032627865965,12
llama_3_3_70b_v2_retry2,666,23,1.9742112925630626,1.5579629629629632,15
llama_3_3_70b_v2_retry2,338,21,1.939576712136512,3.3920098089740947,21
llama_3_3_70b_v2_retry2,744,20,1.9319877190267363,4.320555555555556,5
llama_3_3_70b_v2_retry2,375,23,1.9202907387651187,1.4250850340136054,7
llama_3_3_70b_v2_retry2,699,23,1.918104147419715,3.0166666666666666,7
llama_3_3_70b_v2_retry2,675,23,1.917883243442967,1.6273148148148142,6
llama_3_3_70b_v2_retry2,213,23,1.912454701511337,1.9114285714285715,10
llama_3_3_70b_v2_retry2,613,23,1.9038267970911864,0.880625,16
llama_3_3_70b_v2_retry2,210,23,1.899367533038582,0.8719135802469137,9
llama_3_3_70b_v2_retry2,150,17,1.8975340925026845,0.8058333333333334,10
llama_3_3_70b_v2_retry2,617,21,1.8797819156807807,10.076388888888888,6
llama_3_3_70b_v2_retry2,642,22,1.873656665310141,1.6861111111111111,10
llama_3_3_70b_v2_retry2,804,22,1.872016120251424,1.9132986111111108,20
llama_3_3_70b_v2_retry2,643,23,1.8696158293673806,0.8987654320987654,6
llama_3_3_70b_v2_retry2,958,22,1.8545777312249312,1.5769675925925926,12
llama_3_3_70b_v2_retry2,20,20,1.8388832190434257,2.691666666666666,7
llama_3_3_70b_v2_retry2,699,22,1.835924663189145,2.311728395061728,9
llama_3_3_70b_v2_retry2,378,20,1.8334345844753706,5.302291666666666,10
llama_3_3_70b_v2_retry2,212,23,1.8024101540093902,0.6690277777777778,10
llama_3_3_70b_v2_retry2,338,23,1.7998309333906906,1.0332158119658117,15
llama_3_3_70b_v2_retry2,636,22,1.7936506366515679,3.46979797979798,11
llama_3_3_70b_v2_retry2,22,23,1.7935373149901241,1.3500811688311687,6
llama_3_3_70b_v2_retry2,20,21,1.7850263153659338,3.9564814814814824,6
llama_3_3_70b_v2_retry2,433,21,1.7838554059867515,7.377827380952381,8
llama_3_3_70b_v2_retry2,220,22,1.7769351961426951,0.9803726708074534,23
llama_3_3_70b_v2_retry2,359,22,1.7763645182242118,2.5287628384687206,17
llama_3_3_70b_v2_retry2,660,22,1.758121718495763,0.7240509259259259,32
llama_3_3_70b_v2_retry2,636,21,1.7550289503539274,2.0714699074074074,12
llama_3_3_70b_v2_retry2,621,20,1.7549084036610216,4.453034188034188,13
llama_3_3_70b_v2_retry2,317,23,1.7521064263818462,0.8078514739229025,7
llama_3_3_70b_v2_retry2,561,22,1.7377400941442565,0.7228615520282186,18
llama_3_3_70b_v2_retry2,686,22,1.7331520801336655,0.37587301587301586,20
llama_3_3_70b_v2_retry2,821,22,1.7314054365239677,7.177777777777777,6
llama_3_3_70b_v2_retry2,743,20,1.7163189931075575,6.706666666666666,5
llama_3_3_70b_v2_retry2,378,23,1.7146101094941868,0.8271978021978023,7
llama_3_3_70b_v2_retry2,618,23,1.710746170057281,0.25119047619047613,7
llama_3_3_70b_v2_retry2,18,21,1.700569250879438,2.3591346153846158,13
llama_3_3_70b_v2_retry2,618,22,1.6975636637027296,0.5237820512820512,13
llama_3_3_70b_v2_retry2,701,22,1.687931621882859,1.0383680555555557,8
llama_3_3_70b_v2_retry2,214,19,1.680029046757992,2.710294117647059,17
llama_3_3_70b_v2_retry2,641,23,1.6696310862714945,0.13400793650793635,10
llama_3_3_70b_v2_retry2,478,21,1.6681644667519977,1.7043162393162397,13
llama_3_3_70b_v2_retry2,602,21,1.6607247027917114,0.7236988304093567,19
llama_3_3_70b_v2_retry2,642,20,1.6588224891363004,6.093171296296297,12
llama_3_3_70b_v2_retry2,832,22,1.6550095730384984,0.8085069444444444,16
llama_3_3_70b_v2_retry2,642,21,1.6490295480513602,2.3978741496598643,7
llama_3_3_70b_v2_retry2,617,20,1.646921033322532,2.55271164021164,14
llama_3_3_70b_v2_retry2,602,22,1.6428020116528934,3.3731076388888885,16
llama_3_3_70b_v2_retry2,619,20,1.6401259120456768,3.293809523809524,9
llama_3_3_70b_v2_retry2,636,20,1.6366455294518096,2.8697222222222223,13
llama_3_3_70b_v2_retry2,641,22,1.6354424275028259,5.591765873015873,8
llama_3_3_70b_v2_retry2,901,23,1.6331746145685007,0.11524134053081414,10
llama_3_3_70b_v2_retry2,870,23,1.6312350939656548,0.15091919191919193,15
llama_3_3_70b_v2_retry2,334,23,1.630600172744638,6.65625,5
llama_3_3_70b_v2_retry2,643,22,1.6267162886877238,2.295138888888889,8
llama_3_3_70b_v2_retry2,640,20,1.6236625865782406,1.4934814814814816,15
llama_3_3_70b_v2_retry2,686,21,1.6197510944537576,0.41795454545454547,22
llama_3_3_70b_v2_retry2,262,17,1.6191554765584144,0.48822916666666677,8
llama_3_3_70b_v2_retry2,820,23,1.6173629808424257,0.4616868686868687,15
llama_3_3_70b_v2_retry2,744,19,1.611275684940752,1.2347222222222223,12
llama_3_3_70b_v2_retry2,525,18,1.6112106839069742,7.891203703703703,9
llama_3_3_70b_v2_retry2,214,23,1.6102083546537322,1.2211805555555557,8
llama_3_3_70b_v2_retry2,122,22,1.6079610839533507,0.8517947330447329,22
llama_3_3_70b_v2_retry2,305,23,1.590192969196505,2.3302266483516485,5
llama_3_3_70b_v2_retry2,386,23,1.585561753914555,0.45213243546576876,9
llama_3_3_70b_v2_retry2,338,20,1.5850977335568166,1.5161018075491761,19
llama_3_3_70b_v2_retry2,622,20,1.5818729362532538,1.9522569444444446,16
llama_3_3_70b_v2_retry2,217,22,1.581218438922418,0.2077777777777778,6
llama_3_3_70b_v2_retry2,675,20,1.5772087863141342,4.0506746031746035,14
llama_3_3_70b_v2_retry2,522,22,1.5766406762902878,0.661875,5
llama_3_3_70b_v2_retry2,666,21,1.5691998944711303,2.6988425925925927,21
llama_3_3_70b_v2_retry2,622,23,1.5611118711038234,0.39999999999999974,6
llama_3_3_70b_v2_retry2,359,20,1.5607869105559458,1.211892361111111,16
llama_3_3_70b_v2_retry2,405,23,1.5586936421680093,0.7756507381507382,13
llama_3_3_70b_v2_retry2,353,21,1.546088390880833,1.8466269841269842,12
llama_3_3_70b_v2_retry2,622,22,1.5457095518858108,1.1687499999999997,8
llama_3_3_70b_v2_retry2,686,20,1.542536537043995,0.8915476190476191,14
llama_3_3_70b_v2_retry2,666,22,1.5420579215973886,1.0981617647058826,17
llama_3_3_70b_v2_retry2,265,18,1.5383616476758937,1.4727430555555552,16
llama_3_3_70b_v2_retry2,630,20,1.534102542781687,5.140972222222222,6
llama_3_3_70b_v2_retry2,212,22,1.5256141710911448,0.4900326797385621,17
llama_3_3_70b_v2_retry2,675,22,1.51917478988764,2.4234343434343435,11
llama_3_3_70b_v2_retry2,376,23,1.5190430075178123,2.0027777777777778,11
llama_3_3_70b_v2_retry2,433,20,1.513861828677981,4.99187074829932,7
llama_3_3_70b_v2_retry2,342,22,1.504694639786501,10.077696573578924,15
llama_3_3_70b_v2_retry2,205,21,1.5012706959592552,1.2823809523809524,7
llama_3_3_70b_v2_retry2,220,23,1.4974287096594112,0.3606386999244142,21
llama_3_3_70b_v2_retry2,206,21,1.4957882945536607,0.8969100729517395,18
llama_3_3_70b_v2_retry2,340,23,1.4936112583977146,6.380989502164502,10
llama_3_3_70b_v2_retry2,344,21,1.4889588237708646,1.2271298076923076,20
llama_3_3_70b_v2_retry2,335,23,1.4882157469061428,14.095389702889703,13
llama_3_3_70b_v2_retry2,632,21,1.4860256425088718,0.8491666666666665,10
llama_3_3_70b_v2_retry2,745,20,1.4840277558332213,0.4865079365079364,7
llama_3_3_70b_v2_retry2,610,22,1.481742203640537,1.2557561728395061,12
llama_3_3_70b_v2_retry2,206,20,1.4794730136292045,0.6832531665864998,18
llama_3_3_70b_v2_retry2,601,22,1.4772021884489626,1.128282828282828,11
llama_3_3_70b_v2_retry2,701,21,1.4759886385598924,2.0104938271604937,9
llama_3_3_70b_v2_retry2,466,23,1.4693911535085333,1.1551372989150768,15
llama_3_3_70b_v2_retry2,656,20,1.4673589807254361,5.555,5
llama_3_3_70b_v2_retry2,205,22,1.4671466011138408,2.5192222222222225,10
llama_3_3_70b_v2_retry2,342,23,1.4597645602906482,1.4133333333333336,5
llama_3_3_70b_v2_retry2,351,22,1.4574386988792898,1.3411564625850338,7
llama_3_3_70b_v2_retry2,304,23,1.4513359487076227,0.33358843537414967,7
llama_3_3_70b_v2_retry2,602,20,1.4443594659990575,0.5940497076023392,20
llama_3_3_70b_v2_retry2,344,20,1.4421357461377962,3.954574074074074,12
llama_3_3_70b_v2_retry2,304,22,1.439522911268052,3.685117521367521,8
llama_3_3_70b_v2_retry2,881,22,1.4389332051561585,1.4217434764309764,24
llama_3_3_70b_v2_retry2,502,20,1.4372615185949686,2.6683688849277085,15
llama_3_3_70b_v2_retry2,642,23,1.4366218611491308,2.87,5
llama_3_3_70b_v2_retry2,354,18,1.4321479548277767,0.01666666666666668,5
llama_3_3_70b_v2_retry2,405,22,1.4314208614536554,1.6917045454545456,20
llama_3_3_70b_v2_retry2,878,20,1.4251629117327855,0.819989301276066,12
llama_3_3_70b_v2_retry2,312,22,1.425067630013267,0.9541857244607241,20
llama_3_3_70b_v2_retry2,816,20,1.4249723160606744,0.7108749055177628,21
llama_3_3_70b_v2_retry2,804,20,1.421878888513841,0.8185551136980755,33
llama_3_3_70b_v2_retry2,621,21,1.4187025366022221,2.85290404040404,11
llama_3_3_70b_v2_retry2,821,20,1.4180603125347404,0.611694444444445,10
llama_3_3_70b_v2_retry2,260,18,1.4174448263235695,0.5060763888888888,8
llama_3_3_70b_v2_retry2,605,22,1.4155881653843605,2.560383597883598,21
llama_3_3_70b_v2_retry2,646,22,1.4134250171267562,1.5370370370370372,9
llama_3_3_70b_v2_retry2,635,22,1.4123105315995839,0.6389093137254902,8
llama_3_3_70b_v2_retry2,628,22,1.4093004841169736,4.1146666666666665,5
llama_3_3_70b_v2_retry2,633,22,1.4075551925649283,0.1936111111111111,5
llama_3_3_70b_v2_retry2,743,21,1.402170153930464,0.053769841269841225,7
llama_3_3_70b_v2_retry2,213,20,1.4020301506920168,2.7266899585921323,23
llama_3_3_70b_v2_retry2,311,22,1.401978671085887,1.5886730029330571,20
llama_3_3_70b_v2_retry2,217,21,1.3921968077592484,0.9834054834054833,11
llama_3_3_70b_v2_retry2,342,21,1.3918126545128406,2.4880889535301303,13
llama_3_3_70b_v2_retry2,344,22,1.3910673792569075,3.214151002506265,12
llama_3_3_70b_v2_retry2,212,21,1.386701868690496,0.965952380952381,21
llama_3_3_70b_v2_retry2,310,22,1.3745283455010469,11.763113279829618,12
llama_3_3_70b_v2_retry2,656,22,1.3715542935682936,3.4222222222222225,9
llama_3_3_70b_v2_retry2,666,20,1.3705134497922902,0.8450396825396825,21
llama_3_3_70b_v2_retry2,643,20,1.3677448216322645,2.9104166666666664,8
llama_3_3_70b_v2_retry2,675,21,1.3673400302241896,0.9643055555555556,12
llama_3_3_70b_v2_retry2,640,22,1.3652576047508571,10.213888888888889,9
llama_3_3_70b_v2_retry2,144,18,1.3640628444616218,0.44636363636363635,11
llama_3_3_70b_v2_retry2,378,21,1.363105262859246,4.297777777777778,10
llama_3_3_70b_v2_retry2,216,23,1.3590200734715356,0.6638888888888889,7
llama_3_3_70b_v2_retry2,626,20,1.358112792171943,1.2061640211640214,20
llama_3_3_70b_v2_retry2,376,22,1.3505863665830644,2.561111518111518,15
llama_3_3_70b_v2_retry2,501,21,1.3478839574618355,2.5158333333333336,10
llama_3_3_70b_v2_retry2,502,22,1.3478013882754583,5.865079365079366,7
llama_3_3_70b_v2_retry2,397,22,1.3473795430725644,0.44726495726495724,15
llama_3_3_70b_v2_retry2,605,20,1.3458647837687814,1.4334428571428572,25
llama_3_3_70b_v2_retry2,603,22,1.34484334197102,0.5343859649122806,19
llama_3_3_70b_v2_retry2,74,23,1.344711001475656,0.20787098341019908,33
llama_3_3_70b_v2_retry2,334,20,1.3424772842875825,0.7530982905982906,13
llama_3_3_70b_v2_retry2,903,23,1.3412104018819049,1.2403279320987652,12
llama_3_3_70b_v2_retry2,312,23,1.3382218688632654,0.8498148148148148,5
llama_3_3_70b_v2_retry2,616,21,1.3356413384776875,0.9376146384479719,12
llama_3_3_70b_v2_retry2,604,21,1.3341200275999388,3.534722222222222,11
llama_3_3_70b_v2_retry2,618,21,1.3322600179078703,0.9704411764705881,17
llama_3_3_70b_v2_retry2,108,20,1.331243223699742,1.2969065656565657,22
llama_3_3_70b_v2_retry2,619,21,1.3309147993960315,2.216388888888889,10
llama_3_3_70b_v2_retry2,832,21,1.3301720528111989,0.5693398032613719,33
llama_3_3_70b_v2_retry2,28,23,1.3287468271978908,0.43472200122652616,26
llama_3_3_70b_v2_retry2,20,22,1.3268030686979693,0.2520833333333334,6
llama_3_3_70b_v2_retry2,631,20,1.3249993683523864,0.34371527777777783,16
llama_3_3_70b_v2_retry2,682,21,1.3249065260224189,1.0008680555555558,20
llama_3_3_70b_v2_retry2,626,21,1.3237143723779576,0.6158369408369407,22
llama_3_3_70b_v2_retry2,60,23,1.320459363082124,1.2097420634920635,18
llama_3_3_70b_v2_retry2,522,20,1.320011050054226,0.7347222222222222,8
llama_3_3_70b_v2_retry2,21,23,1.3165851127925692,1.4208333333333332,6
llama_3_3_70b_v2_retry2,701,20,1.3128770322124828,1.4368055555555557,9
llama_3_3_70b_v2_retry2,832,20,1.3090185087878508,1.7301346801346802,33
llama_3_3_70b_v2_retry2,604,20,1.3066973804680395,3.8012074521698853,12
llama_3_3_70b_v2_retry2,501,19,1.3040222557274657,5.1625,6
llama_3_3_70b_v2_retry2,213,21,1.302729432467962,0.6118148148148149,15
llama_3_3_70b_v2_retry2,108,21,1.2963668102773716,1.245108024691358,18
llama_3_3_70b_v2_retry2,561,20,1.2949497367451313,1.6790917107583774,18
llama_3_3_70b_v2_retry2,339,23,1.293716744252844,1.045408163265306,7
llama_3_3_70b_v2_retry2,514,19,1.293429857750965,1.5434262916212875,19
llama_3_3_70b_v2_retry2,339,22,1.2870295795115054,2.6958244206773614,10
llama_3_3_70b_v2_retry2,743,19,1.2862395190892433,1.25,10
llama_3_3_70b_v2_retry2,645,22,1.284014323238238,1.2636353615520286,9
llama_3_3_70b_v2_retry2,102,21,1.2833827773539677,0.7875462962962964,12
llama_3_3_70b_v2_retry2,338,22,1.2830761932344932,1.04706510809452,17
llama_3_3_70b_v2_retry2,631,23,1.282430662552758,0.6131944444444447,6
llama_3_3_70b_v2_retry2,26,23,1.2823979550528768,0.1546951143922729,59
llama_3_3_70b_v2_retry2,225,22,1.2810908879138074,0.2347222222222222,12
llama_3_3_70b_v2_retry2,682,20,1.2808218548285408,0.7446969696969696,22
llama_3_3_70b_v2_retry2,660,21,1.2771568964365474,1.4596654647435896,32
llama_3_3_70b_v2_retry2,622,21,1.2769266139136097,4.033547008547009,13
llama_3_3_70b_v2_retry2,806,20,1.2745921007534933,1.160050125313283,19
llama_3_3_70b_v2_retry2,382,23,1.2741081222057289,3.9548611111111107,6
llama_3_3_70b_v2_retry2,210,22,1.273487729338709,1.4817129629629628,12
llama_3_3_70b_v2_retry2,110,20,1.2709511618580944,0.9289305555555556,20
llama_3_3_70b_v2_retry2,349,21,1.26975715902225,5.903141534391534,12
llama_3_3_70b_v2_retry2,656,23,1.2695107445079488,6.695833333333333,8
llama_3_3_70b_v2_retry2,500,22,1.268395971536231,0.39540517961570587,19
llama_3_3_70b_v2_retry2,804,21,1.2680490450506345,0.8697570947570946,12
llama_3_3_70b_v2_retry2,810,23,1.2677142344285355,0.41446969696969677,10
llama_3_3_70b_v2_retry2,532,20,1.2654639885595755,1.6648726851851852,8
llama_3_3_70b_v2_retry2,366,21,1.2646812519940647,1.025337322320081,29
llama_3_3_70b_v2_retry2,500,21,1.2630450071248367,0.5092282879563581,18
llama_3_3_70b_v2_retry2,108,22,1.2585117897773017,6.807196969696969,11
llama_3_3_70b_v2_retry2,616,23,1.257902371307966,0.8886111111111109,10
llama_3_3_70b_v2_retry2,815,21,1.2567811013139325,0.43257513962375077,36
llama_3_3_70b_v2_retry2,21,22,1.2555226803274826,5.335739750445632,17
llama_3_3_70b_v2_retry2,110,22,1.2549041892022106,0.41174603174603164,21
llama_3_3_70b_v2_retry2,498,20,1.2469935681878292,0.5368959435626102,18
llama_3_3_70b_v2_retry2,366,22,1.2457853656263673,0.7912828282828283,20
llama_3_3_70b_v2_retry2,498,22,1.243359048421598,1.0109567901234568,9
llama_3_3_70b_v2_retry2,405,21,1.2431174742515585,2.0455563822751324,24
llama_3_3_70b_v2_retry2,353,19,1.2419796227913271,2.4952628968253965,16
llama_3_3_70b_v2_retry2,303,22,1.2412062001363686,1.148989898989899,11
llama_3_3_70b_v2_retry2,628,20,1.2399171607219164,0.30484432234432235,13
llama_3_3_70b_v2_retry2,18,22,1.2380113003503002,2.605324074074074,6
llama_3_3_70b_v2_retry2,376,20,1.234647026858114,1.2759166666666666,20
llama_3_3_70b_v2_retry2,635,21,1.2323674192074892,1.3387527233115468,9
llama_3_3_70b_v2_retry2,622,19,1.231841527797015,0.4759670781893004,27
llama_3_3_70b_v2_retry2,152,18,1.2308156618750123,0.6300925925925925,9
llama_3_3_70b_v2_retry2,641,21,1.2288294095524104,0.8484307359307361,11
llama_3_3_70b_v2_retry2,507,22,1.226140330492848,0.7843434343434342,11
llama_3_3_70b_v2_retry2,551,23,1.2254680847823782,0.516025462962963,15
llama_3_3_70b_v2_retry2,660,23,1.2242113096169178,0.4806547619047619,14
llama_3_3_70b_v2_retry2,110,21,1.2238259423081643,2.6135281385281384,22
llama_3_3_70b_v2_retry2,337,23,1.223475349548624,1.203661616161616,11
llama_3_3_70b_v2_retry2,635,20,1.2228847837074033,4.8879166666666665,10
llama_3_3_70b_v2_retry2,354,23,1.220921421691515,1.7476190476190474,7
llama_3_3_70b_v2_retry2,621,19,1.220012329326834,1.732253086419753,18
llama_3_3_70b_v2_retry2,804,19,1.216964048546688,0.39533749726057416,26
llama_3_3_70b_v2_retry2,613,21,1.21571287692186,1.7529020467836254,19
llama_3_3_70b_v2_retry2,359,21,1.214513422602843,1.2290756302521009,17
llama_3_3_70b_v2_retry2,920,23,1.2114637761259095,0.4438802889576885,19
llama_3_3_70b_v2_retry2,122,20,1.210153044855093,0.9493481481481482,25
llama_3_3_70b_v2_retry2,313,19,1.2095341646899063,2.879754818594104,14
llama_3_3_70b_v2_retry2,806,22,1.209169761988392,1.747983134920635,20
llama_3_3_70b_v2_retry2,349,22,1.207997839257753,4.756711855396065,15
llama_3_3_70b_v2_retry2,60,22,1.2076987113413444,0.5805097316298189,36
llama_3_3_70b_v2_retry2,334,19,1.2071304312008084,0.6992063492063492,19
llama_3_3_70b_v2_retry2,603,21,1.205782183596105,0.7481841563786007,27
llama_3_3_70b_v2_retry2,345,22,1.2030057166191765,1.4828172695360193,16
llama_3_3_70b_v2_retry2,146,17,1.2010059558653727,0.19739583333333321,8
llama_3_3_70b_v2_retry2,745,22,1.2001812516717272,0.7193562610229276,9
llama_3_3_70b_v2_retry2,631,21,1.199227455344443,0.8533333333333334,11
llama_3_3_70b_v2_retry2,211,22,1.1962399369360988,0.6268614718614719,21
llama_3_3_70b_v2_retry2,122,21,1.1954257866978741,0.47147156084656094,24
llama_3_3_70b_v2_retry2,381,20,1.1947012333841627,1.496475068141735,18
llama_3_3_70b_v2_retry2,340,22,1.1946294008076896,1.4221996753246753,11
llama_3_3_70b_v2_retry2,433,19,1.194597196099287,2.9538961038961045,11
llama_3_3_70b_v2_retry2,353,20,1.1915620093488315,0.8134920634920634,13
llama_3_3_70b_v2_retry2,815,20,1.1896753221236802,0.7896390296695175,41
llama_3_3_70b_v2_retry2,366,23,1.1891239472785944,0.29325163398692805,17
llama_3_3_70b_v2_retry2,211,20,1.187777967970355,1.2348342447026657,19
llama_3_3_70b_v2_retry2,382,22,1.1875749068128798,5.783712121212122,11
llama_3_3_70b_v2_retry2,507,23,1.185965641054932,0.4219135802469136,9
llama_3_3_70b_v2_retry2,699,21,1.185311480936194,7.85,8
llama_3_3_70b_v2_retry2,334,21,1.1852483211808582,1.448611111111111,11
llama_3_3_70b_v2_retry2,4,23,1.1848796629476708,1.1965192743764173,14
llama_3_3_70b_v2_retry2,600,21,1.1826020076448998,0.9250119047619048,20
llama_3_3_70b_v2_retry2,114,22,1.1818618318197598,0.7554172399954133,12
llama_3_3_70b_v2_retry2,815,22,1.1815380243784,0.6223554421768708,28
llama_3_3_70b_v2_retry2,386,22,1.1808187329434836,0.2151388888888889,10
llama_3_3_70b_v2_retry2,617,19,1.1801356043247382,1.4783055555555555,15
llama_3_3_70b_v2_retry2,825,22,1.1792812602462341,5.521944444444444,6
llama_3_3_70b_v2_retry2,832,19,1.178913903916121,0.27550986050986054,42
llama_3_3_70b_v2_retry2,701,19,1.1739827345308176,1.3131944444444443,6
llama_3_3_70b_v2_retry2,21,21,1.170379486809343,1.7463541666666667,24
llama_3_3_70b_v2_retry2,686,23,1.1701093621710565,1.025462962962963,6
llama_3_3_70b_v2_retry2,666,19,1.1681828098382827,0.6679796198314717,27
llama_3_3_70b_v2_retry2,590,18,1.166874476954315,0.8097222222222222,8
llama_3_3_70b_v2_retry2,507,20,1.1654203779243866,0.40152116402116395,15
llama_3_3_70b_v2_retry2,641,20,1.1647015678733612,1.4511904761904761,14
llama_3_3_70b_v2_retry2,342,19,1.1574077199882045,7.838833333333332,10
llama_3_3_70b_v2_retry2,631,19,1.1547448413644414,1.441638888888889,20
llama_3_3_70b_v2_retry2,214,20,1.1516444774837526,0.7675925925925926,15
llama_3_3_70b_v2_retry2,907,22,1.1511834883970915,1.0301445461479786,15
llama_3_3_70b_v2_retry2,220,20,1.1497321254844977,0.4536356209150327,34
llama_3_3_70b_v2_retry2,376,21,1.1483638157171514,1.4369264069264067,22
llama_3_3_70b_v2_retry2,825,21,1.1471808459296426,1.9205555555555556,14
llama_3_3_70b_v2_retry2,602,19,1.1438785792428783,2.080143298059965,18
llama_3_3_70b_v2_retry2,335,22,1.1436923448135587,2.2872852474323064,17
llama_3_3_70b_v2_retry2,903,22,1.1418786661366176,0.6238975912002228,19
llama_3_3_70b_v2_retry2,682,22,1.1410504392330363,0.7236111111111111,6
llama_3_3_70b_v2_retry2,313,21,1.1382525163167472,1.9748126102292767,18
llama_3_3_70b_v2_retry2,106,20,1.1367841222130177,1.7567366227969943,17
llama_3_3_70b_v2_retry2,630,19,1.1367813755853393,2.042222222222222,10
llama_3_3_70b_v2_retry2,210,20,1.1364098063203012,1.3045498084291187,29
llama_3_3_70b_v2_retry2,619,19,1.126796723151989,1.7336961451247164,7
llama_3_3_70b_v2_retry2,334,18,1.126525080986487,0.7591183574879227,23
llama_3_3_70b_v2_retry2,126,21,1.1255079875962979,4.884771825396825,12
llama_3_3_70b_v2_retry2,527,17,1.1247310045630128,13.027901234567901,9
llama_3_3_70b_v2_retry2,551,22,1.1240716296803286,1.0159071320836028,17
llama_3_3_70b_v2_retry2,313,22,1.1217893379722812,2.1166666666666667,12
llama_3_3_70b_v2_retry2,335,20,1.1208055853535246,0.6411698728041232,31
llama_3_3_70b_v2_retry2,397,23,1.1177136300542994,0.7671527777777778,10
llama_3_3_70b_v2_retry2,120,23,1.115389656798896,0.370445936562485,18
llama_3_3_70b_v2_retry2,670,22,1.1149679470580305,0.36946330589849086,27
llama_3_3_70b_v2_retry2,397,20,1.112969082544043,1.9613159657802515,14
llama_3_3_70b_v2_retry2,502,23,1.1124452687013635,5.586342592592593,6
llama_3_3_70b_v2_retry2,625,22,1.111377376037273,5.810625,10
llama_3_3_70b_v2_retry2,502,21,1.1111422259899217,1.8180723905723906,21
llama_3_3_70b_v2_retry2,633,20,1.1105767876806993,0.3988762626262626,22
llama_3_3_70b_v2_retry2,366,20,1.1074853843594428,0.8814272913466462,31
llama_3_3_70b_v2_retry2,500,20,1.1056439991134004,0.4774465811965812,26
llama_3_3_70b_v2_retry2,561,23,1.0984738175176099,0.97437641723356,14
llama_3_3_70b_v2_retry2,870,20,1.0982420435843707,0.41146973941091586,17
llama_3_3_70b_v2_retry2,618,19,1.097115876441401,1.121425438596491,19
llama_3_3_70b_v2_retry2,478,20,1.0957942106498109,0.2528385875955321,36
llama_3_3_70b_v2_retry2,313,23,1.0933960173958752,2.3182870370370368,6
llama_3_3_70b_v2_retry2,404,23,1.0924173315266617,0.8835164835164834,7
llama_3_3_70b_v2_retry2,210,21,1.0920101749144437,0.523888888888889,22
llama_3_3_70b_v2_retry2,206,23,1.091569010695921,1.508012093726379,7
llama_3_3_70b_v2_retry2,351,21,1.0882649500446733,2.2359511784511783,10
llama_3_3_70b_v2_retry2,138,21,1.0857503285916745,9.253611111111113,6
llama_3_3_70b_v2_retry2,631,22,1.0821432951697496,0.207142857142857,7
llama_3_3_70b_v2_retry2,521,23,1.0811042357112048,0.4995734289731425,25
llama_3_3_70b_v2_retry2,743,17,1.0808208510899124,1.8262345679012348,9
llama_3_3_70b_v2_retry2,641,19,1.0801292610446276,0.7759864672364672,26
llama_3_3_70b_v2_retry2,618,20,1.0800630423750384,2.17974537037037,12
llama_3_3_70b_v2_retry2,216,21,1.0799665910358212,4.713321995464852,7
llama_3_3_70b_v2_retry2,870,21,1.0797579400468653,1.715618386243386,24
llama_3_3_70b_v2_retry2,26,22,1.0785484111072818,0.09476334810445239,83
llama_3_3_70b_v2_retry2,870,22,1.0774576093399546,0.6803825289936402,18
llama_3_3_70b_v2_retry2,382,21,1.0771379317767944,0.6841750841750842,18
llama_3_3_70b_v2_retry2,501,20,1.0769893540752253,1.2850000000000001,10
llama_3_3_70b_v2_retry2,18,20,1.0760214376862898,6.0778211805555555,16
llama_3_3_70b_v2_retry2,115,22,1.0750364131684815,2.9834670462387853,18
llama_3_3_70b_v2_retry2,612,20,1.0740659920169666,3.2794242357436807,18
llama_3_3_70b_v2_retry2,833,20,1.07305560920083,0.4128472222222222,16
llama_3_3_70b_v2_retry2,502,19,1.0713161795580413,1.350238095238095,21
llama_3_3_70b_v2_retry2,532,22,1.0712004202519527,0.5821691176470586,8
llama_3_3_70b_v2_retry2,312,20,1.0705355804546344,1.9860462055192447,18
llama_3_3_70b_v2_retry2,305,21,1.0703083467150982,4.610831067319716,12
llama_3_3_70b_v2_retry2,155,18,1.070107201327609,1.10875,8
llama_3_3_70b_v2_retry2,159,22,1.0694689688506522,0.5195554445554446,7
llama_3_3_70b_v2_retry2,820,20,1.0688588934250585,0.21867298687151626,34
llama_3_3_70b_v2_retry2,507,21,1.0657799306766684,0.4399074074074073,15
llama_3_3_70b_v2_retry2,600,22,1.0621163088502799,0.6501549145299145,12
llama_3_3_70b_v2_retry2,640,21,1.061775047652982,1.061699346405229,17
llama_3_3_70b_v2_retry2,344,19,1.0605007124533607,3.8217407407407404,15
llama_3_3_70b_v2_retry2,66,22,1.059947736628821,0.8154710302924588,35
llama_3_3_70b_v2_retry2,317,22,1.0596048480315101,2.5555805408583185,21
llama_3_3_70b_v2_retry2,676,20,1.0591725676409522,2.01875,8
llama_3_3_70b_v2_retry2,313,20,1.0526556751191805,1.4821693121693122,15
llama_3_3_70b_v2_retry2,211,21,1.0525737962722104,1.6899438958032709,16
llama_3_3_70b_v2_retry2,551,21,1.0524042835205232,1.5716048339125261,26
llama_3_3_70b_v2_retry2,344,17,1.052236570914087,1.5048064626005802,17
llama_3_3_70b_v2_retry2,612,22,1.0494885185419536,0.85,11
llama_3_3_70b_v2_retry2,394,23,1.0488851982070626,1.4105994152046786,8
llama_3_3_70b_v2_retry2,411,22,1.0477667961137924,2.1305277777777776,10
llama_3_3_70b_v2_retry2,629,20,1.047069511273807,1.2876342793009459,33
llama_3_3_70b_v2_retry2,686,17,1.0454537780257716,0.6316944444444444,15
llama_3_3_70b_v2_retry2,106,22,1.0452369926429872,0.6413481620718463,19
llama_3_3_70b_v2_retry2,636,19,1.0451550807188656,0.703397435897436,13
llama_3_3_70b_v2_retry2,461,19,1.0443978704616015,3.390833333333334,5
llama_3_3_70b_v2_retry2,111,22,1.043746452109665,3.721568405139834,14
llama_3_3_70b_v2_retry2,220,19,1.0433913648439281,1.416363287250384,31
llama_3_3_70b_v2_retry2,660,20,1.0431404401117204,0.2515713911293362,81
llama_3_3_70b_v2_retry2,386,20,1.0430901259956815,0.16305634920634918,25
llama_3_3_70b_v2_retry2,74,22,1.0422648363403386,0.35557996665452807,48
llama_3_3_70b_v2_retry2,334,17,1.040777375215574,0.7291319444444445,16
llama_3_3_70b_v2_retry2,211,23,1.039000982760315,0.5319084821428571,16
llama_3_3_70b_v2_retry2,958,23,1.0385943534137798,0.1361111111111111,9
llama_3_3_70b_v2_retry2,32,23,1.0367894016809067,0.21755354753543155,37
llama_3_3_70b_v2_retry2,382,20,1.0366914165389978,2.6599537037037035,12
llama_3_3_70b_v2_retry2,22,22,1.0357539301569902,1.2720061728395062,15
llama_3_3_70b_v2_retry2,650,21,1.035448149085874,0.5633564814814814,24
llama_3_3_70b_v2_retry2,821,21,1.0332209750840542,5.0525,10
llama_3_3_70b_v2_retry2,304,20,1.0320622019991037,0.885024984761827,15
llama_3_3_70b_v2_retry2,600,20,1.0303598241968077,0.5413251879699248,19
llama_3_3_70b_v2_retry2,115,23,1.0298927889528047,1.5250571324100735,12
llama_3_3_70b_v2_retry2,382,19,1.0288003067606306,2.3184461805555556,16
llama_3_3_70b_v2_retry2,102,20,1.028186942769561,1.8298160173160176,11
llama_3_3_70b_v2_retry2,621,18,1.0277842415358518,0.43812500000000004,20
llama_3_3_70b_v2_retry2,745,21,1.026957662809076,0.4511111111111112,6
llama_3_3_70b_v2_retry2,640,19,1.023596224163187,1.1040123456790125,18
llama_3_3_70b_v2_retry2,405,20,1.023235860602249,0.43445634920634923,25
llama_3_3_70b_v2_retry2,603,20,1.0229325061323145,0.1754985119047619,32
llama_3_3_70b_v2_retry2,891,18,1.0223979621816877,1.1687936507936507,15
llama_3_3_70b_v2_retry2,339,20,1.021447288329074,4.365439393939394,11
llama_3_3_70b_v2_retry2,881,21,1.0196449425402405,0.13886142593039144,29
llama_3_3_70b_v2_retry2,682,19,1.0175352702734801,1.2570987654320989,18
llama_3_3_70b_v2_retry2,28,22,1.0173502155931313,0.5596203703703704,40
llama_3_3_70b_v2_retry2,106,21,1.0153612063145614,0.8699492694805194,16
llama_3_3_70b_v2_retry2,126,20,1.014472729703481,5.74280303030303,12
llama_3_3_70b_v2_retry2,302,21,1.0141864385874764,0.6256238859180036,11
llama_3_3_70b_v2_retry2,205,20,1.01100008574598,0.3035879629629629,12
llama_3_3_70b_v2_retry2,498,21,1.0109003346751242,4.391312830687831,12
llama_3_3_70b_v2_retry2,214,17,1.0101499752392582,0.2615079365079365,14
llama_3_3_70b_v2_retry2,14,22,1.0075136116289898,0.8026234567901234,9
llama_3_3_70b_v2_retry2,362,22,1.007240520223507,0.5313937991021325,18
llama_3_3_70b_v2_retry2,646,20,1.00501770446073,1.3595386904761904,8
llama_3_3_70b_v2_retry2,658,23,1.0026931379455566,0.722389254140591,44
llama_3_3_70b_v2_retry2,622,17,1.0023274156938535,0.8381578947368422,19
llama_3_3_70b_v2_retry2,331,20,0.9986851576017358,0.25317460317460316,7
llama_3_3_70b_v2_retry2,675,19,0.998631848837889,0.940659722222222,16
llama_3_3_70b_v2_retry2,384,21,0.995892477418709,1.6727237654320986,12
llama_3_3_70b_v2_retry2,122,19,0.993361849897514,0.8492087112622827,28
llama_3_3_70b_v2_retry2,905,21,0.9931122695205623,3.006441678289504,23
llama_3_3_70b_v2_retry2,686,19,0.9929253625387207,1.7325747863247865,13
llama_3_3_70b_v2_retry2,881,20,0.9916164386795031,0.7717005888376856,31
llama_3_3_70b_v2_retry2,605,21,0.987683333182581,0.7329913076341648,21
llama_3_3_70b_v2_retry2,522,19,0.9866019860441735,6.271186868686868,11
llama_3_3_70b_v2_retry2,514,20,0.9864645581952255,0.20954585537918866,18
llama_3_3_70b_v2_retry2,604,22,0.9859246652545679,0.36087662337662335,11
llama_3_3_70b_v2_retry2,656,19,0.9841597326577738,1.3708333333333331,11
llama_3_3_70b_v2_retry2,820,22,0.9840372782300487,1.7475670420114864,18
llama_3_3_70b_v2_retry2,530,19,0.9840100641951711,2.614058441558442,22
llama_3_3_70b_v2_retry2,38,23,0.9837846106232829,0.07848901966089464,32
llama_3_3_70b_v2_retry2,102,22,0.9827485166971806,0.10570987654320989,9
llama_3_3_70b_v2_retry2,106,23,0.9817044256228739,1.05630787037037,6
llama_3_3_70b_v2_retry2,498,19,0.981201411090503,1.8845996732026142,17
llama_3_3_70b_v2_retry2,212,20,0.9811900393251644,0.6543876262626264,22
llama_3_3_70b_v2_retry2,214,18,0.9808191829730356,0.3793981481481481,18
llama_3_3_70b_v2_retry2,68,23,0.978318490505855,2.3498294346978557,12
llama_3_3_70b_v2_retry2,806,21,0.9780724121301118,0.9965926555807508,21
llama_3_3_70b_v2_retry2,643,19,0.9777238761303082,2.7730952380952383,7
llama_3_3_70b_v2_retry2,305,22,0.9755186905113432,3.871065737423496,11
llama_3_3_70b_v2_retry2,200,22,0.9748515004250812,0.8444818722943723,16
llama_3_3_70b_v2_retry2,601,21,0.9744582908987773,0.9469913419913419,14
llama_3_3_70b_v2_retry2,913,23,0.974192256436878,11.55857575757576,10
llama_3_3_70b_v2_retry2,601,20,0.9739278257596998,2.4680065359477124,17
llama_3_3_70b_v2_retry2,79,23,0.9719645230409698,0.7320182805670421,19
llama_3_3_70b_v2_retry2,394,20,0.9683569116627689,0.8289947089947091,14
llama_3_3_70b_v2_retry2,561,21,0.9679122899057564,1.7000000000000002,18
llama_3_3_70b_v2_retry2,395,21,0.9674965646923049,2.57334114959115,14
llama_3_3_70b_v2_retry2,206,19,0.9658343909099534,0.9163888888888889,14
llama_3_3_70b_v2_retry2,907,23,0.9658014178898627,4.907794092238172,10
llama_3_3_70b_v2_retry2,656,21,0.965622747244547,0.05260416666666673,8
llama_3_3_70b_v2_retry2,825,20,0.965601371563867,1.9065873015873016,14
llama_3_3_70b_v2_retry2,213,19,0.9632129061317821,0.47960735683162153,40
llama_3_3_70b_v2_retry2,611,19,0.9630527705336284,0.7474081088664423,18
llama_3_3_70b_v2_retry2,901,22,0.9623079852686688,0.8403661616161617,20
llama_3_3_70b_v2_retry2,616,22,0.9601037192259643,0.6620039682539681,14
llama_3_3_70b_v2_retry2,28,21,0.9595460424160572,0.2734198936672895,48
llama_3_3_70b_v2_retry2,819,22,0.9592013641321436,1.1501605339105339,12
llama_3_3_70b_v2_retry2,311,23,0.9582360475365421,0.7195364721485411,16
llama_3_3_70b_v2_retry2,650,20,0.9580447267303588,0.4952157738095238,24
llama_3_3_70b_v2_retry2,215,23,0.9536325624531365,0.09046428571428569,10
llama_3_3_70b_v2_retry2,397,21,0.9532601009687556,0.8883101851851852,18
llama_3_3_70b_v2_retry2,686,18,0.9532047336836992,0.9114814814814813,21
llama_3_3_70b_v2_retry2,699,20,0.952850612686661,1.8130621693121693,8
llama_3_3_70b_v2_retry2,630,18,0.952491077788798,3.318162393162393,13
llama_3_3_70b_v2_retry2,319,23,0.9518745006039327,3.558030303030303,11
llama_3_3_70b_v2_retry2,108,19,0.9499347783937312,1.3132505611672278,18
llama_3_3_70b_v2_retry2,520,20,0.9498013913638607,0.11720907297830374,26
llama_3_3_70b_v2_retry2,394,19,0.9495336299390651,2.9493182073774182,13
llama_3_3_70b_v2_retry2,359,19,0.949516386372281,0.8933964646464646,22
llama_3_3_70b_v2_retry2,819,23,0.9484420747889312,1.3800000000000001,7
llama_3_3_70b_v2_retry2,612,21,0.9480187954362769,1.3574305555555557,10
llama_3_3_70b_v2_retry2,102,19,0.9468901947872143,1.9241609977324263,21
llama_3_3_70b_v2_retry2,806,19,0.9461525057508035,2.3917185592185595,26
llama_3_3_70b_v2_retry2,524,17,0.9453164959703062,0.38337813620071687,31
llama_3_3_70b_v2_retry2,225,20,0.9425353499635347,0.3025899943310657,28
llama_3_3_70b_v2_retry2,369,20,0.9424242000184047,4.001115034271285,20
llama_3_3_70b_v2_retry2,819,21,0.9416559771810888,1.117681623931624,13
llama_3_3_70b_v2_retry2,217,19,0.9363719749936474,1.2157407407407408,12
llama_3_3_70b_v2_retry2,60,20,0.9351692199995056,0.1853096623264691,42
llama_3_3_70b_v2_retry2,345,21,0.9340998192261315,1.3249878824878825,14
llama_3_3_70b_v2_retry2,384,22,0.9329998450653391,2.4058531746031746,7
llama_3_3_70b_v2_retry2,375,21,0.932477461259189,1.4422316109816111,13
llama_3_3_70b_v2_retry2,225,21,0.9322570359755772,0.45560568086883874,19
llama_3_3_70b_v2_retry2,138,19,0.9321692396486461,5.194791666666667,16
llama_3_3_70b_v2_retry2,466,22,0.9306492545572218,0.9466909311719254,21
llama_3_3_70b_v2_retry2,88,20,0.9297234238072501,0.7528766835016836,20
llama_3_3_70b_v2_retry2,366,19,0.9296746775438788,0.5073979591836736,28
llama_3_3_70b_v2_retry2,804,17,0.9280332600455018,0.4428227914061248,30
llama_3_3_70b_v2_retry2,480,19,0.9271855928600834,1.5949638188608777,17
llama_3_3_70b_v2_retry2,322,22,0.9242670988601555,0.9167777417027416,20
llama_3_3_70b_v2_retry2,74,21,0.9224869095122659,0.23002632429673683,87
llama_3_3_70b_v2_retry2,868,21,0.9212454644367665,1.0543310657596376,7
llama_3_3_70b_v2_retry2,207,22,0.9209797679323632,0.3332070105820106,30
llama_3_3_70b_v2_retry2,312,21,0.920368147143452,2.624531867823534,18
llama_3_3_70b_v2_retry2,88,22,0.9190388060363637,0.28944544469430056,23
llama_3_3_70b_v2_retry2,112,20,0.9172423296241866,1.1192253028075334,23
llama_3_3_70b_v2_retry2,612,19,0.9170248078920834,0.41903133903133905,26
llama_3_3_70b_v2_retry2,21,20,0.9165762593750818,0.5368620992534037,23
llama_3_3_70b_v2_retry2,319,21,0.9150487261718339,0.402880658436214,9
llama_3_3_70b_v2_retry2,628,21,0.9148975547742643,0.36007936507936505,6
llama_3_3_70b_v2_retry2,745,19,0.9146167414576722,1.8358465608465613,9
llama_3_3_70b_v2_retry2,349,20,0.9142156949437005,2.937809917355372,11
llama_3_3_70b_v2_retry2,432,19,0.9094447535725908,2.8320833333333333,8
llama_3_3_70b_v2_retry2,302,22,0.9089753154377104,0.5079050925925926,12
llama_3_3_70b_v2_retry2,394,22,0.9068920022806412,1.2002796521217571,9
llama_3_3_70b_v2_retry2,626,22,0.9055212744267119,0.41410533910533903,11
llama_3_3_70b_v2_retry2,659,19,0.9049206892172907,2.441331018518518,8
llama_3_3_70b_v2_retry2,339,21,0.904630055649169,1.028454415954416,9
llama_3_3_70b_v2_retry2,370,21,0.9045523417220279,0.6046296296296296,12
llama_3_3_70b_v2_retry2,362,20,0.9020375033230843,0.6192859397546897,16
llama_3_3_70b_v2_retry2,530,17,0.9008557166797009,0.3678189300411523,18
llama_3_3_70b_v2_retry2,45,23,0.8998193798242443,0.1250373297467135,42
llama_3_3_70b_v2_retry2,622,18,0.8995959837805297,0.39230769230769236,26
llama_3_3_70b_v2_retry2,329,22,0.8983586660626908,0.6349025974025975,11
llama_3_3_70b_v2_retry2,321,23,0.897544838731986,1.182200080515298,10
llama_3_3_70b_v2_retry2,958,20,0.897279984029347,0.5245202664399092,28
llama_3_3_70b_v2_retry2,814,22,0.8971211152264262,0.8343680555555556,20
llama_3_3_70b_v2_retry2,22,20,0.8970215551218584,2.2793271254208753,24
llama_3_3_70b_v2_retry2,524,19,0.8967679050702909,0.9022924278243427,47
llama_3_3_70b_v2_retry2,311,21,0.896671969380627,0.7532912980739068,23
llama_3_3_70b_v2_retry2,146,19,0.8964908441178718,0.3835,10
llama_3_3_70b_v2_retry2,205,19,0.8962889607323813,0.567526455026455,12
llama_3_3_70b_v2_retry2,530,20,0.8952133758185422,0.49969135802469133,6
llama_3_3_70b_v2_retry2,625,20,0.8942447639582316,13.424536289920905,13
llama_3_3_70b_v2_retry2,332,23,0.8939025129390326,0.2975571410756596,9
llama_3_3_70b_v2_retry2,600,23,0.8931442428333005,0.12916666666666676,8
llama_3_3_70b_v2_retry2,629,21,0.8923290474954456,0.6555823586744639,19
llama_3_3_70b_v2_retry2,635,19,0.889844226843749,1.565032679738562,17
llama_3_3_70b_v2_retry2,314,22,0.88963962715334,4.5647983696197985,21
llama_3_3_70b_v2_retry2,613,22,0.8882995048229131,0.8180989583333333,16
llama_3_3_70b_v2_retry2,303,20,0.8872678383242852,0.7672979797979798,12
llama_3_3_70b_v2_retry2,776,22,0.8871724655670401,1.9402033700882806,17
llama_3_3_70b_v2_retry2,683,21,0.8864885926787548,2.6657863804283237,17
llama_3_3_70b_v2_retry2,625,21,0.8848767342107657,2.071082944832945,13
llama_3_3_70b_v2_retry2,340,20,0.8845784626648837,0.8014405479915624,25
llama_3_3_70b_v2_retry2,610,20,0.8844909636029328,1.6266155876951331,22
llama_3_3_70b_v2_retry2,646,19,0.8844077370413511,1.2266806722689074,17
llama_3_3_70b_v2_retry2,815,19,0.8839621230616803,0.3568906263804223,49
llama_3_3_70b_v2_retry2,210,19,0.8830844312382642,0.5924746525404421,38
llama_3_3_70b_v2_retry2,389,22,0.8826597719489141,1.1496551353130302,19
llama_3_3_70b_v2_retry2,891,19,0.88248901486437,2.278309523809524,10
llama_3_3_70b_v2_retry2,682,18,0.8819147159558651,4.152884615384615,26
llama_3_3_70b_v2_retry2,905,23,0.8818474689652837,3.8461458333333334,16
llama_3_3_70b_v2_retry2,816,19,0.8797936228026676,0.89176245210728,29
llama_3_3_70b_v2_retry2,26,20,0.8795968348401109,0.07614691822745183,110
llama_3_3_70b_v2_retry2,616,20,0.8791582703644968,0.3755494505494505,13
llama_3_3_70b_v2_retry2,394,18,0.8779960827290862,1.111698214835334,19
llama_3_3_70b_v2_retry2,80,22,0.8744124721490886,0.35706535549825985,28
llama_3_3_70b_v2_retry2,631,18,0.872214708355054,1.0336111111111113,21
llama_3_3_70b_v2_retry2,321,22,0.871957015906186,1.332334736256176,20
llama_3_3_70b_v2_retry2,675,17,0.8715833375892348,2.7066666666666666,18
llama_3_3_70b_v2_retry2,601,19,0.8704128722682625,1.4807936507936508,21
llama_3_3_70b_v2_retry2,220,21,0.870129070290895,0.3317307692307692,26
llama_3_3_70b_v2_retry2,310,20,0.8670689826132453,2.275796095008052,15
llama_3_3_70b_v2_retry2,683,22,0.8651861236912547,0.03100907029478451,7
llama_3_3_70b_v2_retry2,20,17,0.8649161914362758,0.6083333333333334,8
llama_3_3_70b_v2_retry2,311,20,0.8624817251586073,1.4316983525733524,20
llama_3_3_70b_v2_retry2,707,19,0.8614148524365827,1.7250366300366302,14
llama_3_3_70b_v2_retry2,903,20,0.8604986563970449,1.5075555555555553,10
llama_3_3_70b_v2_retry2,362,21,0.8594178727179099,0.4761349206349207,15
llama_3_3_70b_v2_retry2,675,18,0.8578254844755178,0.45039682539682535,21
llama_3_3_70b_v2_retry2,613,20,0.857610866737831,0.5051129426129426,26
llama_3_3_70b_v2_retry2,508,20,0.8565906340778924,0.894095643939394,16
llama_3_3_70b_v2_retry2,340,21,0.8558608351266592,1.258311439518336,17
llama_3_3_70b_v2_retry2,375,22,0.85516256051068,3.555250305250305,9
llama_3_3_70b_v2_retry2,510,19,0.852346748015808,0.49926921409589475,28
llama_3_3_70b_v2_retry2,217,20,0.8499519115779582,0.7749228395061729,9
llama_3_3_70b_v2_retry2,66,23,0.8493569352866212,0.4370811965811966,20
llama_3_3_70b_v2_retry2,152,19,0.848692627351448,0.4138888888888889,6
llama_3_3_70b_v2_retry2,21,19,0.8479916916860603,0.7624127640036732,22
llama_3_3_70b_v2_retry2,336,23,0.8469808983957103,0.10650673400673401,10
llama_3_3_70b_v2_retry2,49,21,0.8460465535818348,0.07554112554112555,8
llama_3_3_70b_v2_retry2,304,21,0.845523066927701,0.5129061536753844,13
llama_3_3_70b_v2_retry2,88,21,0.8451991088368803,0.3107810966810966,25
llama_3_3_70b_v2_retry2,683,19,0.8447367867839721,0.4658058505280727,18
llama_3_3_70b_v2_retry2,642,17,0.8437316020520709,0.5635223765432098,12
llama_3_3_70b_v2_retry2,629,22,0.8412870811978503,1.9287037037037038,10
llama_3_3_70b_v2_retry2,75,22,0.8410584958000551,0.20480865908611307,51
llama_3_3_70b_v2_retry2,335,21,0.8409544989557917,0.3098450491307634,21
llama_3_3_70b_v2_retry2,60,21,0.8407031666786603,0.641776048026048,39
llama_3_3_70b_v2_retry2,645,21,0.8403247034645349,1.2081818181818182,11
llama_3_3_70b_v2_retry2,303,19,0.8397897570725136,3.3175390266299356,11
llama_3_3_70b_v2_retry2,22,21,0.8380630731736485,3.6396303310886644,12
llama_3_3_70b_v2_retry2,650,22,0.8360479188288191,0.40137254901960784,17
llama_3_3_70b_v2_retry2,370,22,0.8353906686836787,5.908222222222222,10
llama_3_3_70b_v2_retry2,304,19,0.8351942895584255,1.837563763397097,18
llama_3_3_70b_v2_retry2,225,23,0.8348245668149467,0.3941213606654783,11
llama_3_3_70b_v2_retry2,395,23,0.8345198483519763,2.5028048340548343,11
llama_3_3_70b_v2_retry2,317,20,0.8340979530595793,0.10656657680554742,34
llama_3_3_70b_v2_retry2,626,19,0.8333467397319738,0.25183862433862436,21
llama_3_3_70b_v2_retry2,370,20,0.8329721278858895,1.473597222222222,5
llama_3_3_70b_v2_retry2,509,19,0.832234621188807,1.4399470668220666,13
llama_3_3_70b_v2_retry2,507,19,0.830993892175788,0.9361309523809525,10
llama_3_3_70b_v2_retry2,212,19,0.8300503057394525,0.40837549603174605,32
llama_3_3_70b_v2_retry2,820,21,0.8300218096648438,0.3956038868538868,26
llama_3_3_70b_v2_retry2,814,20,0.8296295042360063,0.4408310328962503,23
llama_3_3_70b_v2_retry2,683,20,0.8295433574975888,4.127016291457081,19
llama_3_3_70b_v2_retry2,878,22,0.8289791640871563,0.6571296888320546,23
llama_3_3_70b_v2_retry2,561,19,0.8286685056599313,1.5477456538170826,21
llama_3_3_70b_v2_retry2,216,20,0.8269066585200989,0.6022258297258297,18
llama_3_3_70b_v2_retry2,336,21,0.8265569651351052,2.2260512689924457,17
llama_3_3_70b_v2_retry2,394,21,0.8255310303573639,0.36906557067271356,14
llama_3_3_70b_v2_retry2,616,19,0.8246169966625329,0.8340773809523809,18
llama_3_3_70b_v2_retry2,351,20,0.8231327720156394,2.3613199300699304,13
llama_3_3_70b_v2_retry2,645,20,0.8218330517383264,1.0439506172839506,12
llama_3_3_70b_v2_retry2,362,23,0.8215400075255109,0.40803004535147397,14
llama_3_3_70b_v2_retry2,389,21,0.8211731456870194,0.6616985171261487,19
llama_3_3_70b_v2_retry2,386,21,0.8206589321347738,1.1494781144781145,22
llama_3_3_70b_v2_retry2,776,23,0.8200091187643389,6.11237922705314,6
llama_3_3_70b_v2_retry2,677,22,0.8199894554562273,0.1589767156862745,8
llama_3_3_70b_v2_retry2,111,23,0.8191317045380945,0.3611381673881674,11
llama_3_3_70b_v2_retry2,312,19,0.8168989357756818,1.198704219360328,26
llama_3_3_70b_v2_retry2,407,20,0.8168082543173945,0.2114733731876588,35
llama_3_3_70b_v2_retry2,660,19,0.8161424805593628,0.10156115767530284,97
llama_3_3_70b_v2_retry2,609,20,0.8159157030949884,0.320875850340136,21
llama_3_3_70b_v2_retry2,26,21,0.8158977276726044,0.07566322803523334,98
llama_3_3_70b_v2_retry2,336,22,0.813479361086417,0.20506042568542565,10
llama_3_3_70b_v2_retry2,606,22,0.8131091568477469,2.3252578893510263,15
llama_3_3_70b_v2_retry2,386,19,0.8130867224619688,0.2788144167454512,29
llama_3_3_70b_v2_retry2,810,21,0.8124716171629045,1.2134263995453254,23
llama_3_3_70b_v2_retry2,347,22,0.8110820876688614,0.12550792890591736,12
llama_3_3_70b_v2_retry2,642,19,0.8104023554883515,1.292228835978836,12
llama_3_3_70b_v2_retry2,682,17,0.8102005198597468,0.84265873015873,16
llama_3_3_70b_v2_retry2,75,23,0.8096554591377576,0.2544430129601698,27
llama_3_3_70b_v2_retry2,338,19,0.8090978202211729,1.1846969696969698,22
llama_3_3_70b_v2_retry2,625,19,0.8090855771716984,1.6072117465867466,11
llama_3_3_70b_v2_retry2,60,19,0.8090218824083413,0.6083997252747253,52
llama_3_3_70b_v2_retry2,633,19,0.8087139144487944,0.48405349794238683,27
llama_3_3_70b_v2_retry2,329,23,0.8058753458404239,0.6444444444444445,10
llama_3_3_70b_v2_retry2,744,17,0.8040323807066404,2.197222222222222,9
llama_3_3_70b_v2_retry2,905,22,0.8025753187091744,0.800904451188542,22
llama_3_3_70b_v2_retry2,804,18,0.8023315448256296,0.6835903658630932,33
llama_3_3_70b_v2_retry2,50,23,0.8013238666745472,0.4492030423280423,14
llama_3_3_70b_v2_retry2,528,19,0.8012949824755655,1.0671527777777778,25
llama_3_3_70b_v2_retry2,114,17,0.8010778462878722,0.12928734250044116,34
llama_3_3_70b_v2_retry2,357,22,0.8005004467378481,1.0448633016814837,11
llama_3_3_70b_v2_retry2,404,22,0.79995767305539,1.6681712962962962,10
llama_3_3_70b_v2_retry2,603,19,0.799652464210794,0.23180501930501932,37
llama_3_3_70b_v2_retry2,613,19,0.7995385980624663,0.5891678338001868,34
llama_3_3_70b_v2_retry2,339,19,0.7992510918932276,1.9645809082892416,18
llama_3_3_70b_v2_retry2,606,20,0.7982660544741937,0.3506034734065037,33
llama_3_3_70b_v2_retry2,551,20,0.7955842127131121,1.1476441648200906,27
llama_3_3_70b_v2_retry2,478,19,0.7945667168884425,0.15869029441703858,43
llama_3_3_70b_v2_retry2,395,22,0.7941035469883184,0.8418981481481481,12
llama_3_3_70b_v2_retry2,89,20,0.7937024802527396,0.6246789321789321,11
llama_3_3_70b_v2_retry2,816,18,0.7926298324732883,2.4080246913580248,21
llama_3_3_70b_v2_retry2,832,18,0.7924771736563225,0.2595825115055885,39
llama_3_3_70b_v2_retry2,514,21,0.7911256911391661,3.217469209906185,14
llama_3_3_70b_v2_retry2,633,21,0.7906301750619228,0.7076388888888889,15
llama_3_3_70b_v2_retry2,207,23,0.7891130113953333,0.5924565972222222,8
llama_3_3_70b_v2_retry2,619,17,0.7886944794057725,2.604861111111111,8
llama_3_3_70b_v2_retry2,814,21,0.7878568650372808,0.6423708062770562,20
llama_3_3_70b_v2_retry2,650,19,0.7877843855861582,0.3322467864379629,51
llama_3_3_70b_v2_retry2,389,23,0.7866979185286213,0.5893827160493826,9
llama_3_3_70b_v2_retry2,378,19,0.785416347810176,1.088315972222222,16
llama_3_3_70b_v2_retry2,905,20,0.7845477312111498,1.9686722200358562,22
llama_3_3_70b_v2_retry2,15,23,0.7836414201623291,0.6582364750633982,13
llama_3_3_70b_v2_retry2,656,17,0.7835362989972937,0.22769841269841257,5
llama_3_3_70b_v2_retry2,618,18,0.7818915264941628,0.912772331154684,17
llama_3_3_70b_v2_retry2,110,19,0.7809967139712309,0.7620988370095513,28
llama_3_3_70b_v2_retry2,529,20,0.7807455185962109,0.49513795171689906,9
llama_3_3_70b_v2_retry2,683,18,0.7804905025726784,4.564047218213885,21
llama_3_3_70b_v2_retry2,415,22,0.7798173479103873,0.8892308802308803,15
llama_3_3_70b_v2_retry2,432,18,0.7796402355103151,1.501136363636364,11
llama_3_3_70b_v2_retry2,85,22,0.7796292957879503,0.5692949150489637,26
llama_3_3_70b_v2_retry2,776,20,0.7743730616905761,2.492284798534798,13
llama_3_3_70b_v2_retry2,604,19,0.774122495459256,0.4021541950113378,21
llama_3_3_70b_v2_retry2,41,23,0.7731108976960412,0.2033768947521167,46
llama_3_3_70b_v2_retry2,810,20,0.7727331545797826,0.17497756872756867,29
llama_3_3_70b_v2_retry2,331,19,0.7726672141065392,0.41164826173553626,29
llama_3_3_70b_v2_retry2,216,19,0.7725276613033787,0.44369312169312164,20
llama_3_3_70b_v2_retry2,27,21,0.7707841991418135,0.14082995091634612,53
llama_3_3_70b_v2_retry2,44,23,0.7706251121471622,0.10655411319425864,33
llama_3_3_70b_v2_retry2,646,21,0.7692987614113275,0.6402380952380952,7
llama_3_3_70b_v2_retry2,640,18,0.767437359657477,1.7730555555555556,18
llama_3_3_70b_v2_retry2,958,21,0.7673983655340045,0.22963501776001774,22
llama_3_3_70b_v2_retry2,407,23,0.7670831769394404,1.8885342261904765,8
llama_3_3_70b_v2_retry2,337,22,0.7656693131933505,0.7818401453344634,22
llama_3_3_70b_v2_retry2,406,22,0.7645308468604103,0.06902071275457894,58
llama_3_3_70b_v2_retry2,42,23,0.764318601216869,0.16355541631857423,30
llama_3_3_70b_v2_retry2,432,17,0.7626937313887836,2.474166666666666,10
llama_3_3_70b_v2_retry2,497,19,0.7623293941946052,1.898611111111111,6
llama_3_3_70b_v2_retry2,27,22,0.7608515902242502,0.15578907203907202,39
llama_3_3_70b_v2_retry2,332,22,0.7599787170824673,1.3265740740740741,12
llama_3_3_70b_v2_retry2,404,21,0.7598506960896253,0.5969465765107212,12
llama_3_3_70b_v2_retry2,4,20,0.7583639258223877,0.23996938134440454,35
llama_3_3_70b_v2_retry2,351,19,0.7568968677288316,2.9751736111111113,12
llama_3_3_70b_v2_retry2,112,22,0.7567574759295314,1.372190992767916,13
llama_3_3_70b_v2_retry2,466,20,0.7561876566757753,1.2539279149159663,24
llama_3_3_70b_v2_retry2,345,20,0.7538253710867856,0.8004158611450278,24
llama_3_3_70b_v2_retry2,412,22,0.7536017709614461,1.1954950142450143,15
llama_3_3_70b_v2_retry2,658,20,0.7531699926756683,0.33623752158834236,76
llama_3_3_70b_v2_retry2,406,23,0.7530589219692322,0.1462693011543586,33
llama_3_3_70b_v2_retry2,480,17,0.7530277418567481,0.4541666666666667,15
llama_3_3_70b_v2_retry2,602,17,0.7524806853577322,0.4199242424242425,22
llama_3_3_70b_v2_retry2,497,18,0.7522393083488779,9.073032407407407,8
llama_3_3_70b_v2_retry2,602,18,0.7511193365118584,0.44129629629629624,27
llama_3_3_70b_v2_retry2,646,18,0.7510982778143138,0.6929713804713804,18
llama_3_3_70b_v2_retry2,66,20,0.7506982275646754,0.15068250363350733,68
llama_3_3_70b_v2_retry2,600,19,0.7503957136475541,0.9619771825396825,20
llama_3_3_70b_v2_retry2,326,22,0.7502463898681886,0.17112571524336234,18
llama_3_3_70b_v2_retry2,744,18,0.750009780858138,0.3891666666666667,10
llama_3_3_70b_v2_retry2,609,22,0.749630819805736,0.09931409685086155,11
llama_3_3_70b_v2_retry2,310,19,0.749460787328232,0.6327515474033817,16
llama_3_3_70b_v2_retry2,83,23,0.746422845245653,0.1940525191183087,10
llama_3_3_70b_v2_retry2,640,17,0.7438786035344874,3.087083333333333,10
llama_3_3_70b_v2_retry2,372,23,0.7428113859200342,0.039684163059163,10
llama_3_3_70b_v2_retry2,68,21,0.742717165469491,0.25465575396825396,30
llama_3_3_70b_v2_retry2,213,17,0.7410229317212993,0.2760645530939648,35
llama_3_3_70b_v2_retry2,401,20,0.7397830325219811,0.11568722943722941,16
llama_3_3_70b_v2_retry2,336,20,0.7383906854918592,1.6187562409222949,24
llama_3_3_70b_v2_retry2,776,21,0.7383220347535562,1.2092654914529914,16
llama_3_3_70b_v2_retry2,206,18,0.7370630499742358,1.7644179894179892,15
llama_3_3_70b_v2_retry2,337,21,0.7363982944883439,0.3253708610230349,23
llama_3_3_70b_v2_retry2,526,19,0.7355789798209417,0.260325079181707,19
llama_3_3_70b_v2_retry2,301,22,0.7343899837385632,0.7678406084656084,8
llama_3_3_70b_v2_retry2,906,23,0.7329821606901894,0.6515302933041904,16
llama_3_3_70b_v2_retry2,413,23,0.7326581618520333,0.017857142857142856,7
llama_3_3_70b_v2_retry2,814,23,0.7326049315046721,0.5802195512820512,15
llama_3_3_70b_v2_retry2,666,18,0.7317601776197399,0.49881226053639854,29
llama_3_3_70b_v2_retry2,111,20,0.7315177150021138,1.6314570175438596,25
llama_3_3_70b_v2_retry2,303,21,0.7311063035588198,1.312973418394471,10
llama_3_3_70b_v2_retry2,28,20,0.7288102731059608,0.06002774405658284,77
llama_3_3_70b_v2_retry2,890,18,0.7253738348812657,2.17760582010582,6
llama_3_3_70b_v2_retry2,85,21,0.7253578568697859,1.9288123712036755,23
llama_3_3_70b_v2_retry2,176,22,0.7248960641679582,0.7202046544437848,11
llama_3_3_70b_v2_retry2,200,20,0.7247710044364879,0.1857954984501638,29
llama_3_3_70b_v2_retry2,86,21,0.7245657569691738,0.16197566783996564,93
llama_3_3_70b_v2_retry2,643,18,0.7236106547893252,1.0342575363478725,14
llama_3_3_70b_v2_retry2,108,18,0.7222814886378174,1.1495006613756613,24
llama_3_3_70b_v2_retry2,618,17,0.7216329872717094,0.8320261437908496,17
llama_3_3_70b_v2_retry2,305,20,0.7213180965478687,2.507686172759702,16
llama_3_3_70b_v2_retry2,326,21,0.7209755838314378,0.7585518790849674,16
llama_3_3_70b_v2_retry2,666,17,0.720566960103926,0.5014190821256039,23
llama_3_3_70b_v2_retry2,114,20,0.7204209453582167,0.6653657666407666,25
llama_3_3_70b_v2_retry2,349,19,0.7204000460847456,1.266233775541051,30
llama_3_3_70b_v2_retry2,810,22,0.720021669111055,0.44057870370370367,12
llama_3_3_70b_v2_retry2,369,23,0.7197032549686095,0.5034205693296602,11
llama_3_3_70b_v2_retry2,356,23,0.7194965361655034,0.19228387773842315,11
llama_3_3_70b_v2_retry2,369,22,0.7191540105068694,0.9668387237762236,20
llama_3_3_70b_v2_retry2,311,19,0.7187806098484238,0.2477213148732673,31
llama_3_3_70b_v2_retry2,115,20,0.7186697791319969,0.41461456194478813,21
llama_3_3_70b_v2_retry2,92,23,0.7181123120986777,0.5661986714975845,19
llama_3_3_70b_v2_retry2,625,17,0.7178855308166838,1.6772569444444445,12
llama_3_3_70b_v2_retry2,605,19,0.7169067202450221,0.1328674173049173,40
llama_3_3_70b_v2_retry2,376,19,0.7155097949263641,0.9126984126984126,21
llama_3_3_70b_v2_retry2,111,21,0.7152973259401025,0.887724442278536,18
llama_3_3_70b_v2_retry2,163,22,0.7146199877567094,1.719850296371285,13
llama_3_3_70b_v2_retry2,112,21,0.7143514978079706,1.7695927318295737,19
llama_3_3_70b_v2_retry2,630,17,0.7133205245291258,2.009974747474747,11
llama_3_3_70b_v2_retry2,901,21,0.7132602165845215,0.0666105499438833,24
llama_3_3_70b_v2_retry2,85,20,0.7119232945162873,0.34141961030065543,29
llama_3_3_70b_v2_retry2,683,17,0.7110129412464907,2.8160937500000003,16
llama_3_3_70b_v2_retry2,606,21,0.7106013211150809,2.516657046657047,27
llama_3_3_70b_v2_retry2,409,22,0.7100666878694476,0.07224826388888891,16
llama_3_3_70b_v2_retry2,701,17,0.7097228423148637,0.07199074074074081,6
llama_3_3_70b_v2_retry2,18,19,0.7083793825161162,1.3192460317460317,14
llama_3_3_70b_v2_retry2,643,17,0.7076450803209915,0.10072751322751326,9
llama_3_3_70b_v2_retry2,832,17,0.704627353930696,0.2450729875283447,28
llama_3_3_70b_v2_retry2,401,22,0.7044614066672087,0.27425925925925926,11
llama_3_3_70b_v2_retry2,359,18,0.704440557038115,0.26540123456790127,24
llama_3_3_70b_v2_retry2,216,22,0.7023434381292074,0.29986772486772484,7
llama_3_3_70b_v2_retry2,213,18,0.702201170423365,0.6262602308190544,37
llama_3_3_70b_v2_retry2,335,19,0.7019021327577314,0.5344780787394424,44
llama_3_3_70b_v2_retry2,111,19,0.7007864859905643,1.1523772024758867,22
llama_3_3_70b_v2_retry2,314,20,0.6997772695859845,0.4767595251260041,19
llama_3_3_70b_v2_retry2,532,21,0.699566565897468,1.9419960576823323,18
llama_3_3_70b_v2_retry2,825,19,0.6995630813135915,0.05949248120300753,14
llama_3_3_70b_v2_retry2,514,17,0.6994437390277017,8.23242094942095,15
llama_3_3_70b_v2_retry2,676,19,0.6984998206563144,0.38236186212376694,21
llama_3_3_70b_v2_retry2,395,19,0.6984333902198895,1.6865985576923077,16
llama_3_3_70b_v2_retry2,26,19,0.6972097714760259,0.024807240509840265,99
llama_3_3_70b_v2_retry2,609,19,0.6961617599190073,0.31920842248428455,29
llama_3_3_70b_v2_retry2,670,21,0.6959948792782309,0.33699319947481715,44
llama_3_3_70b_v2_retry2,401,21,0.6955651512150163,1.0337962962962963,12
llama_3_3_70b_v2_retry2,407,22,0.6954839241520904,0.9808935185185186,20
llama_3_3_70b_v2_retry2,379,23,0.6952308455344686,0.45338475626937164,13
llama_3_3_70b_v2_retry2,68,20,0.6949236438180886,0.08039298860806723,38
llama_3_3_70b_v2_retry2,86,23,0.6948008399900453,0.08014202412991336,34
llama_3_3_70b_v2_retry2,684,22,0.6942396548908074,0.11747038840788843,24
llama_3_3_70b_v2_retry2,636,18,0.6940337071748458,2.9577813852813852,14
llama_3_3_70b_v2_retry2,85,19,0.6938634479672308,1.5083511812840102,42
llama_3_3_70b_v2_retry2,77,23,0.6937046339239381,0.0843760090325678,36
llama_3_3_70b_v2_retry2,433,18,0.6926029366632735,2.742929292929293,11
llama_3_3_70b_v2_retry2,404,18,0.6923340668014224,2.7076041666666666,8
llama_3_3_70b_v2_retry2,309,20,0.6917533436633261,2.4101686507936506,10
llama_3_3_70b_v2_retry2,310,21,0.6900920410811889,0.585802822273074,13
llama_3_3_70b_v2_retry2,378,18,0.6880045068514499,1.5508694083694081,18
llama_3_3_70b_v2_retry2,314,17,0.686707776238906,1.214736316495576,18
llama_3_3_70b_v2_retry2,22,19,0.6852178753220554,0.6323937908496733,17
llama_3_3_70b_v2_retry2,200,19,0.684327223563963,5.16542106656433,31
llama_3_3_70b_v2_retry2,379,22,0.68369997155412,0.4831047273982057,23
llama_3_3_70b_v2_retry2,308,22,0.6835243579165498,0.40920594837261504,15
llama_3_3_70b_v2_retry2,636,17,0.6833895124746207,1.4268148148148148,15
llama_3_3_70b_v2_retry2,860,19,0.6828693677746887,1.0157407407407406,9
llama_3_3_70b_v2_retry2,211,19,0.6825415575601463,0.5013389593776107,32
llama_3_3_70b_v2_retry2,210,18,0.6824760915641107,0.30883701833829713,46
llama_3_3_70b_v2_retry2,621,17,0.682041901561987,1.7726495726495726,13
llama_3_3_70b_v2_retry2,656,18,0.6816126402613444,0.5859027777777777,8
llama_3_3_70b_v2_retry2,546,19,0.6811356457649028,0.2936507936507936,14
llama_3_3_70b_v2_retry2,329,20,0.6804136731075802,0.3258705567788613,17
llama_3_3_70b_v2_retry2,478,17,0.6802237512263496,0.2889404761904762,30
llama_3_3_70b_v2_retry2,740,20,0.6785077716913324,0.019791666666666666,6
llama_3_3_70b_v2_retry2,79,22,0.6783736418227874,1.500590666523019,25
llama_3_3_70b_v2_retry2,419,22,0.6782687790012334,0.04344381313131311,10
llama_3_3_70b_v2_retry2,610,19,0.6780387923221587,1.3263947523669746,27
llama_3_3_70b_v2_retry2,205,18,0.6769487671562662,0.60929012345679,15
llama_3_3_70b_v2_retry2,71,21,0.6768839413725273,0.2648910719804439,45
llama_3_3_70b_v2_retry2,314,21,0.6768559968367359,0.4745119029537519,20
llama_3_3_70b_v2_retry2,603,18,0.6756210407073054,1.282730228447821,54
llama_3_3_70b_v2_retry2,868,18,0.6754016347082535,0.8915895061728397,6
llama_3_3_70b_v2_retry2,50,22,0.6736950839819097,0.07097382277491446,66
llama_3_3_70b_v2_retry2,314,19,0.673592555073967,0.38844932844932845,21
llama_3_3_70b_v2_retry2,310,18,0.6731183622465724,3.785602339181286,23
llama_3_3_70b_v2_retry2,456,23,0.6725921027729242,0.7522651536248026,18
llama_3_3_70b_v2_retry2,18,17,0.6706071545143204,1.021153846153846,13
llama_3_3_70b_v2_retry2,86,22,0.6698231261344008,0.10233961834109775,63
llama_3_3_70b_v2_retry2,907,21,0.6692466053927166,5.374680451127819,19
llama_3_3_70b_v2_retry2,42,22,0.6691040663994477,0.1090529728412028,60
llama_3_3_70b_v2_retry2,498,18,0.6689192549393114,1.1503472222222222,16
llama_3_3_70b_v2_retry2,903,21,0.6681345764803386,0.9124298941798943,15
llama_3_3_70b_v2_retry2,44,22,0.6668883876804729,0.06093121681194461,36
llama_3_3_70b_v2_retry2,510,18,0.6668544266066125,0.41780385487528343,35
llama_3_3_70b_v2_retry2,739,23,0.666638209509815,0.203273349743938,14
llama_3_3_70b_v2_retry2,333,20,0.6658936518700643,1.9146245421245418,14
llama_3_3_70b_v2_retry2,820,19,0.6658676685018722,0.34080239205239204,35
llama_3_3_70b_v2_retry2,400,19,0.6649368147675087,0.6835076058201058,30
llama_3_3_70b_v2_retry2,74,20,0.6643650215203005,0.021367546208004403,141
llama_3_3_70b_v2_retry2,611,17,0.6643237154484251,0.8315972222222222,14
llama_3_3_70b_v2_retry2,610,21,0.6643197188557265,0.5870493827160493,15
llama_3_3_70b_v2_retry2,177,22,0.6633144755467715,1.0928065476190478,10
llama_3_3_70b_v2_retry2,225,19,0.6631278233282303,0.5142388416271858,27
llama_3_3_70b_v2_retry2,323,23,0.6615877572984412,0.21408040027605243,10
llama_3_3_70b_v2_retry2,101,21,0.6613432228789642,0.2498765496086348,24
llama_3_3_70b_v2_retry2,302,20,0.6604509632362586,0.297349537037037,6
llama_3_3_70b_v2_retry2,265,17,0.6593890055013869,0.8033333333333333,5
llama_3_3_70b_v2_retry2,31,23,0.6587736433271075,0.14516901464211984,41
llama_3_3_70b_v2_retry2,206,17,0.6587271062880652,0.7931446331446333,11
llama_3_3_70b_v2_retry2,822,18,0.6582375317345559,0.32352941176470584,17
llama_3_3_70b_v2_retry2,106,19,0.6576460393435015,0.5528188512447771,27
llama_3_3_70b_v2_retry2,79,21,0.6568593611395627,0.7169525049603175,32
llama_3_3_70b_v2_retry2,670,20,0.6568506443912804,0.23442064815129832,53
llama_3_3_70b_v2_retry2,501,18,0.6552357605151906,0.7840277777777777,10
llama_3_3_70b_v2_retry2,375,19,0.6550492254910727,0.23351515649592575,26
llama_3_3_70b_v2_retry2,304,18,0.6535031681744116,0.8204146095450444,23
llama_3_3_70b_v2_retry2,529,19,0.653252419049395,12.070739926739927,10
llama_3_3_70b_v2_retry2,524,18,0.652975424161017,0.10639789801248135,48
llama_3_3_70b_v2_retry2,321,20,0.6525115811185968,0.3751870442718658,28
llama_3_3_70b_v2_retry2,342,18,0.6520270026332924,0.9256635802469135,18
llama_3_3_70b_v2_retry2,641,17,0.6518618962438257,1.152010582010582,18
llama_3_3_70b_v2_retry2,20,18,0.6515230055496303,3.6861111111111113,6
llama_3_3_70b_v2_retry2,384,23,0.6511471873953334,2.5203497023809525,8
llama_3_3_70b_v2_retry2,646,17,0.6509056597341556,2.143162393162393,13
llama_3_3_70b_v2_retry2,326,20,0.6509046670472513,1.4299007936507937,12
llama_3_3_70b_v2_retry2,71,22,0.650846322918614,0.31621929399103316,23
llama_3_3_70b_v2_retry2,617,18,0.6487359231058346,1.4536204481792714,17
llama_3_3_70b_v2_retry2,891,17,0.6487344050633165,1.2334848484848484,11
llama_3_3_70b_v2_retry2,631,17,0.6485490694672842,0.6527738927738927,13
llama_3_3_70b_v2_retry2,466,21,0.6483594317900991,1.0247478536005044,20
llama_3_3_70b_v2_retry2,339,18,0.647956555586995,0.9231515775890777,20
llama_3_3_70b_v2_retry2,833,19,0.6463038478848392,1.112263208787599,41
llama_3_3_70b_v2_retry2,317,21,0.645989029230592,0.31171107560530636,26
llama_3_3_70b_v2_retry2,344,18,0.6459534215247935,0.852315279326149,20
llama_3_3_70b_v2_retry2,658,22,0.6453729100273711,0.0310338933553219,63
llama_3_3_70b_v2_retry2,397,19,0.6449790254302658,0.2638452982202982,22
llama_3_3_70b_v2_retry2,551,19,0.6447405860925198,0.07194446307293526,36
llama_3_3_70b_v2_retry2,605,23,0.6442029017793149,0.14843042671614093,7
llama_3_3_70b_v2_retry2,507,18,0.6439154330887487,0.5874183006535948,17
llama_3_3_70b_v2_retry2,30,23,0.6438710670694494,0.14758981339448532,45
llama_3_3_70b_v2_retry2,38,22,0.6436096426622954,0.24430877244929539,41
llama_3_3_70b_v2_retry2,120,22,0.6431658202758952,0.5256667026110776,21
llama_3_3_70b_v2_retry2,321,19,0.6426810272784594,0.1917057243675979,32
llama_3_3_70b_v2_retry2,500,19,0.6415617859231819,0.27295465337131997,33
llama_3_3_70b_v2_retry2,701,18,0.6414879018638047,0.6336805555555556,8
llama_3_3_70b_v2_retry2,304,17,0.6411289285015551,0.8970463145385745,19
llama_3_3_70b_v2_retry2,336,19,0.6410287323668096,0.2276217001952296,28
llama_3_3_70b_v2_retry2,403,23,0.6403439873885505,0.4010464608490923,11
llama_3_3_70b_v2_retry2,340,19,0.640331588990085,0.24958848093874833,33
llama_3_3_70b_v2_retry2,155,17,0.6401926188825107,0.3967592592592592,6
llama_3_3_70b_v2_retry2,502,18,0.6389215146492704,0.8882196969696969,22
llama_3_3_70b_v2_retry2,73,23,0.6385565959710587,0.10924618736383448,9
llama_3_3_70b_v2_retry2,456,21,0.6383471200736964,0.4425445258445258,25
llama_3_3_70b_v2_retry2,81,23,0.637910661139584,0.5274107142857143,10
llama_3_3_70b_v2_retry2,205,17,0.6376483619731459,1.9020833333333336,12
llama_3_3_70b_v2_retry2,806,17,0.6375331536868136,0.08554073763751183,31
llama_3_3_70b_v2_retry2,412,23,0.6364502484264937,0.2742965367965368,11
llama_3_3_70b_v2_retry2,633,17,0.6357185635491757,0.598822463768116,23
llama_3_3_70b_v2_retry2,22,17,0.6353438356612146,6.879318181818181,11
llama_3_3_70b_v2_retry2,346,23,0.6352880281409985,2.119273088023088,11
llama_3_3_70b_v2_retry2,550,23,0.6344941763527596,0.006828703703703683,6
llama_3_3_70b_v2_retry2,433,17,0.6344499618043017,1.2547619047619047,7
llama_3_3_70b_v2_retry2,958,19,0.63426821465581,0.3864129818594105,28
llama_3_3_70b_v2_retry2,901,20,0.6341772723744197,0.5061434283309284,24
llama_3_3_70b_v2_retry2,415,21,0.632054560073503,0.16189446135874705,21
llama_3_3_70b_v2_retry2,305,19,0.6318021368377622,2.008506143162393,20
llama_3_3_70b_v2_retry2,613,17,0.628783423699164,0.7396043771043771,22
llama_3_3_70b_v2_retry2,11,21,0.6279090242929354,0.2309682158119658,16
llama_3_3_70b_v2_retry2,523,20,0.6277470267384876,0.4645772608094353,22
llama_3_3_70b_v2_retry2,138,20,0.6274109521559527,1.3499228395061729,9
llama_3_3_70b_v2_retry2,296,21,0.6271123404807677,0.8881146148537453,23
llama_3_3_70b_v2_retry2,27,19,0.6269696924613808,0.08838782508948165,90
llama_3_3_70b_v2_retry2,207,20,0.6269088919618683,0.4678622699181909,44
llama_3_3_70b_v2_retry2,77,22,0.6267343849945822,0.16967434019678607,64
llama_3_3_70b_v2_retry2,40,23,0.626553616440755,1.0252499999999998,10
llama_3_3_70b_v2_retry2,526,20,0.6260386238397916,0.1168294401093771,14
llama_3_3_70b_v2_retry2,122,18,0.6255297785382415,0.36753221539511866,31
llama_3_3_70b_v2_retry2,633,18,0.6255254610779155,0.5954932950191572,29
llama_3_3_70b_v2_retry2,76,22,0.625510318342922,0.161982978410059,77
llama_3_3_70b_v2_retry2,89,19,0.6254369671402893,0.07084588058289269,72
llama_3_3_70b_v2_retry2,115,21,0.6251680172694323,0.8408453908938776,18
llama_3_3_70b_v2_retry2,86,20,0.6251112050766915,0.10295013326436711,111
llama_3_3_70b_v2_retry2,154,17,0.6250038125191262,0.6329365079365079,7
llama_3_3_70b_v2_retry2,99,22,0.624923884559822,0.0840925046018211,62
llama_3_3_70b_v2_retry2,411,23,0.6245898801246383,0.2726273148148148,8
llama_3_3_70b_v2_retry2,958,17,0.6241511409120745,0.06464125743537506,34
llama_3_3_70b_v2_retry2,388,22,0.6240837062470436,0.0410185185185185,6
llama_3_3_70b_v2_retry2,75,20,0.624013777165406,0.023039462854295638,74
llama_3_3_70b_v2_retry2,362,19,0.6239734567159029,7.86421626984127,20
llama_3_3_70b_v2_retry2,381,19,0.6239049056170949,0.97808029590437,27
llama_3_3_70b_v2_retry2,878,23,0.6230380856597754,0.3641708152958153,15
llama_3_3_70b_v2_retry2,400,20,0.6227373687032619,0.8119088319088319,13
llama_3_3_70b_v2_retry2,641,18,0.6201630051855236,0.6632332643202209,23
llama_3_3_70b_v2_retry2,316,20,0.619598361716036,9.600121570353602,6
llama_3_3_70b_v2_retry2,4,22,0.6189898582965486,0.29205555555555557,20
llama_3_3_70b_v2_retry2,114,23,0.6188219766361717,1.7224406850459482,10
llama_3_3_70b_v2_retry2,395,20,0.6185520154622806,5.379711824123589,17
llama_3_3_70b_v2_retry2,612,18,0.6173199103109739,0.9007812499999999,32
llama_3_3_70b_v2_retry2,478,18,0.6172608216767423,0.2698710317460317,42
llama_3_3_70b_v2_retry2,612,17,0.6170405852272656,0.30998048668503214,22
llama_3_3_70b_v2_retry2,743,18,0.6168789050536736,1.0158730158730156,7
llama_3_3_70b_v2_retry2,375,17,0.6166201769556219,0.13791628810147327,27
llama_3_3_70b_v2_retry2,907,20,0.6160314413952519,0.7318558970195593,31
llama_3_3_70b_v2_retry2,79,20,0.6158188503763261,0.1435562981284906,33
llama_3_3_70b_v2_retry2,177,23,0.61527417834613,0.00102916666666664,5
llama_3_3_70b_v2_retry2,628,17,0.6150759181274996,0.7262301587301588,7
llama_3_3_70b_v2_retry2,509,18,0.6142453172973755,0.43644345238095245,28
llama_3_3_70b_v2_retry2,308,21,0.6140732688350999,0.4909600944755007,21
llama_3_3_70b_v2_retry2,75,21,0.6126453635447758,0.4218085947193739,61
llama_3_3_70b_v2_retry2,327,22,0.6122134904206172,0.17092881553956116,12
llama_3_3_70b_v2_retry2,413,21,0.6120775600797245,0.1410694156889809,23
llama_3_3_70b_v2_retry2,561,17,0.6116517792650695,0.9258503401360543,21
llama_3_3_70b_v2_retry2,330,19,0.6114263081052047,2.0086078042328044,12
llama_3_3_70b_v2_retry2,461,20,0.6113239091080362,1.3041666666666667,5
llama_3_3_70b_v2_retry2,415,23,0.6107830346567429,0.07625739184562712,12
llama_3_3_70b_v2_retry2,660,17,0.6103331561470083,0.03769694717520803,69
llama_3_3_70b_v2_retry2,377,21,0.6101854834959312,0.2657074718241998,16
llama_3_3_70b_v2_retry2,220,17,0.6096621671201005,0.24704403983815748,34
llama_3_3_70b_v2_retry2,319,19,0.6094834458853515,0.3185192842241524,29
llama_3_3_70b_v2_retry2,27,23,0.6091929601977861,0.6027427216691162,33
llama_3_3_70b_v2_retry2,642,18,0.6086648129134481,2.211028218694885,15
llama_3_3_70b_v2_retry2,658,21,0.6077674231917147,0.12664067089173023,63
llama_3_3_70b_v2_retry2,509,17,0.6077456759281804,0.10436853002070394,23
llama_3_3_70b_v2_retry2,207,21,0.6073145525287076,0.10827391176075386,38
llama_3_3_70b_v2_retry2,619,18,0.607247522479521,1.4871825396825398,10
llama_3_3_70b_v2_retry2,126,19,0.6071042812252821,0.38989898989898997,10
llama_3_3_70b_v2_retry2,550,22,0.6063828231312308,0.19122850529100532,12
llama_3_3_70b_v2_retry2,375,20,0.6060245329298419,0.4802894346657023,29
llama_3_3_70b_v2_retry2,372,22,0.6057504220779415,0.9292534722222221,16
llama_3_3_70b_v2_retry2,66,21,0.6057216160515377,0.2968745893707122,47
llama_3_3_70b_v2_retry2,601,17,0.6054041730286459,0.6803240740740741,21
llama_3_3_70b_v2_retry2,101,23,0.604950431060862,0.44278723571114875,10
llama_3_3_70b_v2_retry2,308,20,0.6049039332478018,0.3662488328664799,25
llama_3_3_70b_v2_retry2,405,19,0.6048287498433714,0.43883012820512823,32
llama_3_3_70b_v2_retry2,1,18,0.6045112187426047,0.3006666666666667,5
llama_3_3_70b_v2_retry2,215,20,0.6042228046365304,1.1543773240648239,16
llama_3_3_70b_v2_retry2,76,23,0.6038980227527999,0.03342391208597974,47
llama_3_3_70b_v2_retry2,819,20,0.6027006545697388,0.28718377976190473,8
llama_3_3_70b_v2_retry2,345,19,0.601965609653414,0.621610113960114,25
llama_3_3_70b_v2_retry2,73,22,0.601408273737969,0.21843984488792842,24
llama_3_3_70b_v2_retry2,68,22,0.5996169043837276,0.3736518727373991,20
llama_3_3_70b_v2_retry2,394,17,0.5987621661852408,1.5066860916860918,13
llama_3_3_70b_v2_retry2,32,20,0.598525622807812,0.0953823969746904,64
llama_3_3_70b_v2_retry2,626,18,0.5981216914002336,0.6031262939958593,23
llama_3_3_70b_v2_retry2,606,19,0.5978612572002602,0.08560390771175083,51
llama_3_3_70b_v2_retry2,532,19,0.5978089831726463,1.3512918871252204,21
llama_3_3_70b_v2_retry2,112,23,0.59766258779628,0.6740227272727273,10
llama_3_3_70b_v2_retry2,307,21,0.5975269655055042,1.095277777777778,10
llama_3_3_70b_v2_retry2,508,19,0.5968417910840569,0.296518714695798,36
llama_3_3_70b_v2_retry2,112,19,0.596569909197489,0.3435101496870612,29
llama_3_3_70b_v2_retry2,15,22,0.596300261227104,0.1784145021645021,20
llama_3_3_70b_v2_retry2,628,19,0.5955748080456061,1.9338220164609052,9
llama_3_3_70b_v2_retry2,660,18,0.5953405949671756,0.07609640801355046,99
llama_3_3_70b_v2_retry2,530,18,0.5944990383501608,0.195227788084931,28
llama_3_3_70b_v2_retry2,920,21,0.5941150850215438,2.197086555419889,27
llama_3_3_70b_v2_retry2,372,21,0.5940385056652494,0.5256456572528001,21
llama_3_3_70b_v2_retry2,359,17,0.5939253568716915,0.37833333333333335,17
llama_3_3_70b_v2_retry2,783,20,0.5935700173920585,0.6993792517006803,7
llama_3_3_70b_v2_retry2,413,22,0.5933548076871988,0.4639366724893041,19
llama_3_3_70b_v2_retry2,312,18,0.5931370080793626,1.782320161773593,30
llama_3_3_70b_v2_retry2,66,19,0.5929233020452822,0.19583331428936349,84
llama_3_3_70b_v2_retry2,120,21,0.5923447149571879,0.7041331674387941,23
llama_3_3_70b_v2_retry2,27,20,0.5923162389738672,0.04752124382263363,60
llama_3_3_70b_v2_retry2,903,19,0.5907750793895449,0.624270130454341,19
llama_3_3_70b_v2_retry2,406,21,0.5907034971908219,0.4414925013089185,62
llama_3_3_70b_v2_retry2,326,19,0.5904852740712464,0.3637787460663278,18
llama_3_3_70b_v2_retry2,88,19,0.5891720408255877,0.6219662553283243,29
llama_3_3_70b_v2_retry2,338,17,0.5888650871136225,0.08191574839302108,22
llama_3_3_70b_v2_retry2,461,22,0.5859798117249112,1.1928571428571428,7
llama_3_3_70b_v2_retry2,80,20,0.5854449302433906,0.2890756937681516,38
llama_3_3_70b_v2_retry2,532,17,0.5853586737277717,0.2812222222222222,15
llama_3_3_70b_v2_retry2,21,18,0.5852641306889819,0.9646759805850716,22
llama_3_3_70b_v2_retry2,684,23,0.5846157401031078,0.11517206477732791,10
llama_3_3_70b_v2_retry2,507,17,0.5843308276358149,0.4885185185185185,15
llama_3_3_70b_v2_retry2,550,20,0.5840501742091605,0.45715488215488215,11
llama_3_3_70b_v2_retry2,44,21,0.5837030400813957,0.10708678828913602,46
llama_3_3_70b_v2_retry2,315,23,0.582563126070319,0.04068690850349265,26
llama_3_3_70b_v2_retry2,276,21,0.5824021072065475,0.16581810169971076,19
llama_3_3_70b_v2_retry2,346,20,0.5815686054636564,0.38138142336059005,24
llama_3_3_70b_v2_retry2,369,21,0.5808842563328066,0.7171550968872398,21
llama_3_3_70b_v2_retry2,99,23,0.5802789187183568,0.1500064191132005,26
llama_3_3_70b_v2_retry2,80,19,0.5792194884453344,0.05755025348869269,51
llama_3_3_70b_v2_retry2,373,20,0.5787996693702554,1.276503246753247,10
llama_3_3_70b_v2_retry2,373,21,0.5782316730788825,0.04414141414141409,11
llama_3_3_70b_v2_retry2,340,18,0.5781137589880165,0.4938804006451066,34
llama_3_3_70b_v2_retry2,617,17,0.5779360001167849,3.2984567901234576,9
llama_3_3_70b_v2_retry2,323,22,0.5766310924047361,0.740083122895623,12
llama_3_3_70b_v2_retry2,604,17,0.5760882525586088,0.7569444444444444,21
llama_3_3_70b_v2_retry2,958,18,0.5751797213356808,0.13099235104669885,46
llama_3_3_70b_v2_retry2,4,21,0.5748382115903724,0.218841011042098,23
llama_3_3_70b_v2_retry2,658,19,0.5748364561432693,0.39349286906839687,131
llama_3_3_70b_v2_retry2,51,22,0.5746917682784711,0.008916120005338927,83
llama_3_3_70b_v2_retry2,659,18,0.5745874525059548,2.9100496031746035,8
llama_3_3_70b_v2_retry2,80,23,0.5728822220812091,1.0339781746031744,8
llama_3_3_70b_v2_retry2,384,20,0.5725724754637515,2.4701756087050204,13
llama_3_3_70b_v2_retry2,45,21,0.5724884294937019,0.07376853335675254,71
llama_3_3_70b_v2_retry2,347,21,0.5724104584315213,1.3554942987295926,17
llama_3_3_70b_v2_retry2,355,23,0.572324921506743,0.18527308986600177,15
llama_3_3_70b_v2_retry2,346,22,0.5722655124586012,0.7575256048059841,16
llama_3_3_70b_v2_retry2,628,18,0.5718847180062318,4.800644841269841,12
llama_3_3_70b_v2_retry2,361,23,0.5709212488671117,0.00953007518796992,10
llama_3_3_70b_v2_retry2,510,17,0.5708616122013453,0.2910681216931217,24
llama_3_3_70b_v2_retry2,212,17,0.5703623389370297,0.49647805212620033,27
llama_3_3_70b_v2_retry2,906,22,0.5703224776267064,0.25488214423199823,40
llama_3_3_70b_v2_retry2,212,18,0.5694746694519051,0.3835416666666667,30
llama_3_3_70b_v2_retry2,351,17,0.5693441491388759,1.3828062678062676,12
llama_3_3_70b_v2_retry2,629,19,0.5689146569287408,0.05594246031746033,37
llama_3_3_70b_v2_retry2,528,20,0.5685573481210775,0.3694343519343518,15
llama_3_3_70b_v2_retry2,406,20,0.5678309214712083,0.08493776417013545,76
llama_3_3_70b_v2_retry2,600,18,0.5676208577954288,0.37842013888888887,24
llama_3_3_70b_v2_retry2,506,21,0.5675265389421579,0.15232142857142852,12
llama_3_3_70b_v2_retry2,15,21,0.5673357615006498,0.2368574735449735,20
llama_3_3_70b_v2_retry2,68,19,0.5671288050564729,0.09099864414815392,30
llama_3_3_70b_v2_retry2,868,19,0.5670696933143083,2.5163492063492057,5
llama_3_3_70b_v2_retry2,456,20,0.5664131911094558,0.22837907848324515,24
llama_3_3_70b_v2_retry2,216,18,0.5663978565005708,1.1263095238095235,14
llama_3_3_70b_v2_retry2,345,23,0.565243631636408,0.124008954008954,5
llama_3_3_70b_v2_retry2,88,17,0.5650801105652192,0.14064980158730156,28
llama_3_3_70b_v2_retry2,319,22,0.5650756277917188,0.8705479797979798,10
llama_3_3_70b_v2_retry2,480,18,0.5645265887795732,0.9352130325814536,19
llama_3_3_70b_v2_retry2,389,19,0.5642788903395126,0.7133829001686145,21
llama_3_3_70b_v2_retry2,913,20,0.5640802948767344,0.09647121817576361,22
llama_3_3_70b_v2_retry2,613,18,0.5640628441742754,0.3375612745098039,34
llama_3_3_70b_v2_retry2,822,17,0.5640258536583788,0.2520391414141414,22
llama_3_3_70b_v2_retry2,878,21,0.5639465535564018,0.4658583929439544,22
llama_3_3_70b_v2_retry2,605,17,0.5639441414645381,0.24976804156491658,32
llama_3_3_70b_v2_retry2,11,23,0.5633371385754082,1.1572222222222224,10
llama_3_3_70b_v2_retry2,21,17,0.5630280520045203,1.1213728191000918,22
llama_3_3_70b_v2_retry2,825,17,0.5628396395611361,3.5029401154401154,11
llama_3_3_70b_v2_retry2,322,21,0.5628193238300687,0.27232727272727275,25
llama_3_3_70b_v2_retry2,702,21,0.5628090556970232,1.5860816498316501,12
llama_3_3_70b_v2_retry2,40,22,0.5615702201949307,0.016623931623931602,13
llama_3_3_70b_v2_retry2,519,19,0.5615123648440937,0.6880360958485957,12
llama_3_3_70b_v2_retry2,85,17,0.5612390709644189,0.09325097968480318,34
llama_3_3_70b_v2_retry2,75,19,0.5610092895419142,0.019503395145136476,105
llama_3_3_70b_v2_retry2,532,18,0.560831796604448,1.3906121399176954,18
llama_3_3_70b_v2_retry2,526,18,0.5605191967184008,0.15363418972714388,31
llama_3_3_70b_v2_retry2,629,17,0.5599029941206699,0.4652518148518148,25
llama_3_3_70b_v2_retry2,416,21,0.5598322844218998,0.43916666666666676,10
llama_3_3_70b_v2_retry2,684,20,0.5584399020685834,0.1554129732701161,21
llama_3_3_70b_v2_retry2,386,18,0.557973059348263,0.18132532333921225,36
llama_3_3_70b_v2_retry2,15,20,0.5577980749686381,0.2623669431512568,33
llama_3_3_70b_v2_retry2,385,22,0.5577552272631858,0.15565400829120987,24
llama_3_3_70b_v2_retry2,41,21,0.5577063448637523,0.07459125463466026,86
llama_3_3_70b_v2_retry2,110,17,0.5576566530825418,0.5787985967333793,23
llama_3_3_70b_v2_retry2,220,18,0.557215224753766,0.42969204237496916,41
llama_3_3_70b_v2_retry2,51,23,0.5564487934385568,0.24849686156350964,67
llama_3_3_70b_v2_retry2,814,19,0.5563230020037349,1.2344866071428573,16
llama_3_3_70b_v2_retry2,407,21,0.5562532494894737,0.9632424694886663,29
llama_3_3_70b_v2_retry2,520,19,0.5560463817431401,0.9472169586788963,34
llama_3_3_70b_v2_retry2,400,17,0.5551904115395218,0.5067520703933747,23
llama_3_3_70b_v2_retry2,86,19,0.5551884867705349,0.23314044413024057,124
llama_3_3_70b_v2_retry2,523,19,0.5550829787471406,0.8719943944943944,21
llama_3_3_70b_v2_retry2,175,22,0.5547429398306358,0.233647892880349,15
llama_3_3_70b_v2_retry2,404,19,0.5540344478028572,0.42929292929292906,11
llama_3_3_70b_v2_retry2,702,17,0.5540018159957583,0.08492063492063497,15
llama_3_3_70b_v2_retry2,400,18,0.5533235249154738,0.24411329565496231,30
llama_3_3_70b_v2_retry2,317,19,0.5526187251705075,1.1710468242295908,41
llama_3_3_70b_v2_retry2,313,17,0.5517716442124093,1.3209126984126984,14
llama_3_3_70b_v2_retry2,702,18,0.5506064546375533,0.27673220298220297,22
llama_3_3_70b_v2_retry2,739,20,0.5503934644161272,0.21444666343903812,27
llama_3_3_70b_v2_retry2,528,18,0.5502288788208989,2.109584121980298,32
llama_3_3_70b_v2_retry2,739,22,0.5492179439883015,0.3570084198209198,12
llama_3_3_70b_v2_retry2,378,17,0.5491745367527026,1.079719387755102,14
llama_3_3_70b_v2_retry2,53,20,0.5487846925580822,0.23086069023569017,40
llama_3_3_70b_v2_retry2,522,17,0.5487163002789519,0.1371031746031746,7
llama_3_3_70b_v2_retry2,329,19,0.5480793037331015,0.4748482142857142,20
llama_3_3_70b_v2_retry2,211,17,0.5476321203149178,0.32511736411736414,30
llama_3_3_70b_v2_retry2,87,19,0.547474549258245,0.048518174140490054,122
llama_3_3_70b_v2_retry2,114,19,0.5472293632393342,1.0118149167579908,31
llama_3_3_70b_v2_retry2,435,20,0.5470738857775638,0.9879726458484629,9
llama_3_3_70b_v2_retry2,616,18,0.5465412509159087,0.42696428571428574,20
llama_3_3_70b_v2_retry2,60,18,0.5465402278687029,0.22113473167044598,49
llama_3_3_70b_v2_retry2,361,22,0.5459575547640004,1.7421937946718649,12
llama_3_3_70b_v2_retry2,815,18,0.5456676297974867,0.06808742974861395,38
llama_3_3_70b_v2_retry2,80,21,0.545045578087685,0.5726348992659154,33
llama_3_3_70b_v2_retry2,650,18,0.5445618965099728,0.06166883398797862,113
llama_3_3_70b_v2_retry2,74,19,0.5445183933757063,0.09669093547347354,152
llama_3_3_70b_v2_retry2,523,17,0.5436232425809272,0.7487123216289883,18
llama_3_3_70b_v2_retry2,12,23,0.5436100639463337,0.17518685833039896,11
llama_3_3_70b_v2_retry2,409,19,0.5430284754864692,0.2738793613793614,26
llama_3_3_70b_v2_retry2,315,22,0.5426943753768295,0.031042228425742315,30
llama_3_3_70b_v2_retry2,635,18,0.5426924308579887,0.6637152777777778,16
llama_3_3_70b_v2_retry2,670,19,0.5424665342146817,0.07795192959542008,82
llama_3_3_70b_v2_retry2,114,21,0.5423562630409752,0.9465419456131531,21
llama_3_3_70b_v2_retry2,313,18,0.5423288361613613,1.4176178804855273,17
llama_3_3_70b_v2_retry2,806,18,0.5418985490053385,0.5096077208577209,37
llama_3_3_70b_v2_retry2,338,18,0.5415771738294115,0.30563088023088025,25
llama_3_3_70b_v2_retry2,611,18,0.5412715644273013,0.23907163742690063,19
llama_3_3_70b_v2_retry2,529,21,0.5412428484877078,0.1928902116402116,7
llama_3_3_70b_v2_retry2,920,20,0.5410844763819397,1.1741879120994025,35
llama_3_3_70b_v2_retry2,77,21,0.5410826827289481,0.12386821020527944,97
llama_3_3_70b_v2_retry2,22,18,0.5398867903254231,0.7432434640522877,17
llama_3_3_70b_v2_retry2,603,17,0.5398556572389032,0.16123598513479462,42
llama_3_3_70b_v2_retry2,408,20,0.5394736877997234,0.06520202020202018,11
llama_3_3_70b_v2_retry2,210,17,0.5390437567557482,0.23642401262499302,36
llama_3_3_70b_v2_retry2,815,17,0.5387565604173874,0.35967592592592595,36
llama_3_3_70b_v2_retry2,357,23,0.53741889372947,1.3791666666666667,6
llama_3_3_70b_v2_retry2,38,21,0.5370870619755371,0.09990221423863523,58
llama_3_3_70b_v2_retry2,816,17,0.5370865751609843,0.8492901234567902,18
llama_3_3_70b_v2_retry2,626,17,0.5367727788933868,0.47565199615199616,20
llama_3_3_70b_v2_retry2,392,21,0.5363420555340079,0.07374999999999995,5
llama_3_3_70b_v2_retry2,600,17,0.5357557452735224,0.430189393939394,22
llama_3_3_70b_v2_retry2,357,20,0.5356361640676948,1.0940703432370098,21
llama_3_3_70b_v2_retry2,820,18,0.5353680243509664,0.4007464873089873,32
llama_3_3_70b_v2_retry2,41,22,0.5353323744958816,0.0551393837712575,54
llama_3_3_70b_v2_retry2,384,19,0.5352508018726981,0.5003170594837261,15
llama_3_3_70b_v2_retry2,346,21,0.5351897844259151,0.23119708190360366,23
llama_3_3_70b_v2_retry2,456,22,0.5342646126430225,0.12096556215078623,21
llama_3_3_70b_v2_retry2,126,18,0.5333627828309186,3.997727272727272,11
llama_3_3_70b_v2_retry2,456,19,0.532976654534655,0.30067583650916985,33
llama_3_3_70b_v2_retry2,684,21,0.5313833036109956,0.15126667103939828,22
llama_3_3_70b_v2_retry2,138,18,0.53088032033247,1.6966687552213868,19
llama_3_3_70b_v2_retry2,362,17,0.5306924139376341,0.10762332710862121,17
llama_3_3_70b_v2_retry2,108,17,0.5304314090896181,0.3839871933621934,22
llama_3_3_70b_v2_retry2,526,17,0.5302665794693842,0.18067298401728224,27
llama_3_3_70b_v2_retry2,138,17,0.5301697244139745,0.5790509259259259,12
llama_3_3_70b_v2_retry2,776,19,0.5295707110231768,1.1073021885521888,11
llama_3_3_70b_v2_retry2,783,19,0.5293878217529391,0.20269703931546035,30
llama_3_3_70b_v2_retry2,12,22,0.5290674210193045,0.04348072745179943,12
llama_3_3_70b_v2_retry2,68,18,0.5289414804324932,0.5936805555555555,6
llama_3_3_70b_v2_retry2,83,22,0.5285105461035783,0.5588538868538868,15
llama_3_3_70b_v2_retry2,501,17,0.5284625249265228,1.4243055555555555,6
llama_3_3_70b_v2_retry2,901,19,0.5283184518669798,0.15060820264391692,35
llama_3_3_70b_v2_retry2,32,21,0.5277039548713597,0.4596139787526192,50
llama_3_3_70b_v2_retry2,28,19,0.5275940791212418,0.0906523004421396,108
llama_3_3_70b_v2_retry2,461,18,0.5269827111048313,1.0408333333333337,6
llama_3_3_70b_v2_retry2,521,20,0.5269103778086044,0.07908862108999191,41
llama_3_3_70b_v2_retry2,356,21,0.5268903480615804,0.3399483970136144,19
llama_3_3_70b_v2_retry2,30,22,0.5264748563401281,0.08117699632543382,64
llama_3_3_70b_v2_retry2,528,21,0.5261367636349595,2.4339999198332536,12
llama_3_3_70b_v2_retry2,120,20,0.5259335520635204,1.2397619763033705,27
llama_3_3_70b_v2_retry2,296,22,0.5252883068041115,2.8930769518363406,17
llama_3_3_70b_v2_retry2,390,22,0.525039033740868,2.5387173808917507,14
llama_3_3_70b_v2_retry2,29,23,0.5243508311630273,0.3197027286955777,39
llama_3_3_70b_v2_retry2,85,18,0.5241569264327629,0.027922312581425912,47
llama_3_3_70b_v2_retry2,604,18,0.5215979727343816,1.8307539682539682,19
llama_3_3_70b_v2_retry2,386,17,0.5210553554163484,0.11481125356125356,26
llama_3_3_70b_v2_retry2,702,19,0.5209307127874009,2.5483748903601846,17
llama_3_3_70b_v2_retry2,650,17,0.5207759899968155,0.06338432753860636,102
llama_3_3_70b_v2_retry2,403,20,0.5199059441273435,0.27139211482961484,22
llama_3_3_70b_v2_retry2,561,18,0.5197350561946686,0.6577962506841818,29
llama_3_3_70b_v2_retry2,411,19,0.5192280420680085,0.13103948564394813,29
llama_3_3_70b_v2_retry2,339,17,0.5190957405695528,1.9473922972452389,17
llama_3_3_70b_v2_retry2,177,20,0.5190343441575691,0.8016387778887779,11
llama_3_3_70b_v2_retry2,590,17,0.5188821232767944,1.3785714285714286,7
llama_3_3_70b_v2_retry2,357,21,0.5182918787128241,0.7068969610636278,9
llama_3_3_70b_v2_retry2,379,21,0.5182123060730242,0.09284098447760687,31
llama_3_3_70b_v2_retry2,342,17,0.5172171821847416,0.4870454545454546,11
llama_3_3_70b_v2_retry2,44,20,0.5170908706276679,0.0245711040826587,112
llama_3_3_70b_v2_retry2,382,18,0.516372443541709,0.684722222222222,18
llama_3_3_70b_v2_retry2,389,20,0.5158907884219546,2.4594341856060606,16
llama_3_3_70b_v2_retry2,65,20,0.5146537236720184,0.014516110300869654,22
llama_3_3_70b_v2_retry2,142,21,0.5139824393083215,0.7274900793650794,14
llama_3_3_70b_v2_retry2,635,17,0.5139618607340164,1.284188034188034,13
llama_3_3_70b_v2_retry2,71,19,0.5134042062838986,0.44150026684880905,50
llama_3_3_70b_v2_retry2,366,18,0.5127511186990912,0.32904578189300415,36
llama_3_3_70b_v2_retry2,32,19,0.5120375922583552,0.27684047374507886,92
llama_3_3_70b_v2_retry2,84,20,0.5118489870142062,0.4965705023616692,39
llama_3_3_70b_v2_retry2,397,17,0.5110814512690512,0.25686805555555553,20
llama_3_3_70b_v2_retry2,411,20,0.5104749384517228,0.2715270718560191,22
llama_3_3_70b_v2_retry2,366,17,0.5099913584325609,0.2183092403628118,28
llama_3_3_70b_v2_retry2,4,19,0.509589337179579,0.08265488107660675,46
llama_3_3_70b_v2_retry2,215,22,0.5095575907416713,0.11531024531024534,11
llama_3_3_70b_v2_retry2,523,21,0.5091389835642257,0.05607127825877823,12
llama_3_3_70b_v2_retry2,110,18,0.5085087278494114,0.3415435139573071,29
llama_3_3_70b_v2_retry2,413,20,0.5075503449382391,0.10170301499846954,22
llama_3_3_70b_v2_retry2,356,20,0.507364154013343,0.043257639639218574,22
llama_3_3_70b_v2_retry2,405,18,0.5070873063979535,0.28229166666666666,36
llama_3_3_70b_v2_retry2,303,18,0.5057735529861662,1.0934040496540498,18
llama_3_3_70b_v2_retry2,216,17,0.5055826445708158,0.6564659197012138,17
llama_3_3_70b_v2_retry2,83,20,0.5054221423617823,0.09411598625140292,24
llama_3_3_70b_v2_retry2,373,22,0.5049995455350078,0.02912457912457915,6
llama_3_3_70b_v2_retry2,309,19,0.5037441998191423,0.21733169608169609,22
llama_3_3_70b_v2_retry2,200,21,0.503034649646802,0.25696409584567476,19
llama_3_3_70b_v2_retry2,414,22,0.5023161043656484,0.17109788359788358,6
llama_3_3_70b_v2_retry2,376,18,0.5020882819805722,0.227390022675737,35
llama_3_3_70b_v2_retry2,42,20,0.5020361007998678,0.02381763375145417,143
llama_3_3_70b_v2_retry2,136,19,0.5017263695904857,1.0098559614509839,26
llama_3_3_70b_v2_retry2,89,18,0.5015347065913994,0.053863108851316385,106
llama_3_3_70b_v2_retry2,403,21,0.5014089043924181,0.1254513888888889,14
llama_3_3_70b_v2_retry2,92,22,0.5008323804400353,0.07537436763204304,38
llama_3_3_70b_v2_retry2,381,17,0.5002552508752501,0.17054747474747475,25
llama_3_3_70b_v2_retry2,111,18,0.4997970342749993,0.48791837791837783,33
llama_3_3_70b_v2_retry2,28,17,0.49960195975251215,0.024972355397442806,98
llama_3_3_70b_v2_retry2,392,22,0.49907621593685925,0.1540396825396826,5
llama_3_3_70b_v2_retry2,29,20,0.4989523140736139,0.07050112682855628,82
llama_3_3_70b_v2_retry2,314,18,0.49847872765636564,0.7573690925087985,20
llama_3_3_70b_v2_retry2,42,21,0.4982214709794627,0.06682629382243517,95
llama_3_3_70b_v2_retry2,337,20,0.49790573242874725,0.5206228956228955,16
llama_3_3_70b_v2_retry2,319,18,0.49672722836897776,0.44640330933434375,29
llama_3_3_70b_v2_retry2,419,20,0.49616144643223764,0.7063964192579388,12
llama_3_3_70b_v2_retry2,81,22,0.49483172446860996,0.1119636921720255,12
llama_3_3_70b_v2_retry2,810,19,0.49463825414220813,0.35803942094292973,45
llama_3_3_70b_v2_retry2,605,18,0.4942194844658963,0.19394376126518983,42
llama_3_3_70b_v2_retry2,345,17,0.49366547770322916,0.33964718614718614,25
llama_3_3_70b_v2_retry2,463,21,0.493567474962227,0.18402199219844473,72
llama_3_3_70b_v2_retry2,30,21,0.49344812399194016,0.3316391429850446,81
llama_3_3_70b_v2_retry2,76,20,0.4932281684236251,0.15647877785130493,145
llama_3_3_70b_v2_retry2,32,22,0.4930797728787223,0.005140159988576775,40
llama_3_3_70b_v2_retry2,99,20,0.4929364852332475,0.018275516485571984,77
llama_3_3_70b_v2_retry2,351,18,0.49207001515963683,1.6302295918367347,14
llama_3_3_70b_v2_retry2,601,18,0.49184845193900545,0.3464300411522634,27
llama_3_3_70b_v2_retry2,463,20,0.49159459753471285,0.06533136255954192,114
llama_3_3_70b_v2_retry2,99,21,0.4914753409713434,0.43722021185850246,67
llama_3_3_70b_v2_retry2,610,18,0.49105136517892517,0.4293412239101894,29
llama_3_3_70b_v2_retry2,40,20,0.4907887266161932,0.29873677248677255,14
llama_3_3_70b_v2_retry2,407,19,0.490459557522561,0.13068373850518775,50
llama_3_3_70b_v2_retry2,913,22,0.4902121331874933,0.19585606060606064,10
llama_3_3_70b_v2_retry2,82,20,0.4895176836166731,0.05438813808052046,53
llama_3_3_70b_v2_retry2,217,18,0.48929224152131184,0.265432098765432,18
llama_3_3_70b_v2_retry2,905,19,0.48885803298069225,0.5557049940191388,28
llama_3_3_70b_v2_retry2,40,21,0.48870198458741126,0.04356613756613758,25
llama_3_3_70b_v2_retry2,345,18,0.48782889887505343,0.15385644514215935,35
llama_3_3_70b_v2_retry2,405,17,0.4868681413485056,0.27316846627191455,29
llama_3_3_70b_v2_retry2,307,19,0.4862930388412285,0.11537037037037035,10
llama_3_3_70b_v2_retry2,550,21,0.48627939652065666,0.22123316498316495,11
llama_3_3_70b_v2_retry2,347,19,0.48574100782281926,1.018359101216244,28
llama_3_3_70b_v2_retry2,207,19,0.4856302379798,0.2550205971840741,58
llama_3_3_70b_v2_retry2,296,20,0.4854968921391656,1.6681007008326012,26
llama_3_3_70b_v2_retry2,309,18,0.48532437610386614,0.738673396048396,20
llama_3_3_70b_v2_retry2,355,22,0.48491861361922256,0.5435569777627376,31
llama_3_3_70b_v2_retry2,390,23,0.4839349837264728,0.2118827160493827,6
llama_3_3_70b_v2_retry2,76,21,0.48389348497031903,0.03794943217217232,80
llama_3_3_70b_v2_retry2,45,22,0.4838666281075502,0.4568716981603035,57
llama_3_3_70b_v2_retry2,122,17,0.4828706938575473,0.4494492544492544,24
llama_3_3_70b_v2_retry2,340,17,0.48238620752484773,0.5376729374877522,27
llama_3_3_70b_v2_retry2,38,20,0.48162354682302455,0.05407814370894851,85
llama_3_3_70b_v2_retry2,74,18,0.48125584556235346,0.0839492014849788,155
llama_3_3_70b_v2_retry2,51,21,0.48113756822991294,0.05591732523230598,105
llama_3_3_70b_v2_retry2,409,20,0.48103701058129117,0.20811986204031668,22
llama_3_3_70b_v2_retry2,401,19,0.4808181239756601,0.5710953874882245,33
llama_3_3_70b_v2_retry2,80,17,0.4805558529338659,0.573280612920243,52
llama_3_3_70b_v2_retry2,301,21,0.48032837204792056,1.6804036087369427,9
llama_3_3_70b_v2_retry2,514,18,0.4802556415558211,0.07701984126984127,20
llama_3_3_70b_v2_retry2,77,20,0.4802551770927551,0.11552921170587674,112
llama_3_3_70b_v2_retry2,616,17,0.4800104934004385,0.6411431623931624,13
llama_3_3_70b_v2_retry2,860,17,0.47990835398876175,0.9849206349206351,7
llama_3_3_70b_v2_retry2,412,19,0.4798012319536579,0.21119327386029685,42
llama_3_3_70b_v2_retry2,29,21,0.4797404037088475,0.07502039783466839,59
llama_3_3_70b_v2_retry2,376,17,0.4796216837147306,0.18677052714089748,27
llama_3_3_70b_v2_retry2,319,20,0.4794387793008916,0.895900403608737,18
llama_3_3_70b_v2_retry2,382,17,0.4784167623071547,1.0692129629629632,12
llama_3_3_70b_v2_retry2,645,19,0.47824614514154146,0.741029341029341,11
llama_3_3_70b_v2_retry2,406,19,0.47794101188622795,0.07956994182908515,83
llama_3_3_70b_v2_retry2,502,17,0.477879233736305,0.9642805607091322,14
llama_3_3_70b_v2_retry2,200,17,0.47782900456911814,0.03986865473170618,40
llama_3_3_70b_v2_retry2,522,21,0.47770467306247716,0.16992877492877495,10
llama_3_3_70b_v2_retry2,506,20,0.4773853033490413,0.12779843304843302,15
llama_3_3_70b_v2_retry2,520,18,0.4771927987653036,0.5507354797979798,40
llama_3_3_70b_v2_retry2,211,18,0.4767761716101014,0.1317014356368423,33
llama_3_3_70b_v2_retry2,745,17,0.4766987831875643,0.31375000000000003,5
llama_3_3_70b_v2_retry2,670,23,0.4762421888284214,3.883487654320988,9
llama_3_3_70b_v2_retry2,347,20,0.4757209452075912,0.12645426332926335,24
llama_3_3_70b_v2_retry2,73,21,0.4756512515484265,0.21234281626435159,32
llama_3_3_70b_v2_retry2,30,20,0.47488471713086877,0.010480220972274764,90
llama_3_3_70b_v2_retry2,26,17,0.474582481245418,0.1878022912182119,74
llama_3_3_70b_v2_retry2,740,17,0.47404825445628673,2.2763095238095237,6
llama_3_3_70b_v2_retry2,71,20,0.4739897141949289,0.16298262100706246,43
llama_3_3_70b_v2_retry2,73,20,0.4737093793765979,0.07841777121293186,39
llama_3_3_70b_v2_retry2,412,20,0.4735517671430786,0.029118619670090246,24
llama_3_3_70b_v2_retry2,316,19,0.4735303992740091,6.315561272321765,29
llama_3_3_70b_v2_retry2,609,18,0.4728931976561218,0.2640724206349206,32
llama_3_3_70b_v2_retry2,496,20,0.47256130940299884,0.13993145743145743,11
llama_3_3_70b_v2_retry2,16,22,0.47227212752614484,0.14702855536801618,24
llama_3_3_70b_v2_retry2,411,21,0.471446373078591,0.5188588617265087,11
llama_3_3_70b_v2_retry2,18,18,0.47124073294227287,0.4602314814814814,18
llama_3_3_70b_v2_retry2,610,17,0.4705346439175933,0.40952380952380946,24
llama_3_3_70b_v2_retry2,676,17,0.47041812155155033,0.3863611111111111,15
llama_3_3_70b_v2_retry2,702,20,0.46943207553297456,2.464346182917612,14
llama_3_3_70b_v2_retry2,45,20,0.46930495652853943,0.04616256484386506,100
llama_3_3_70b_v2_retry2,305,18,0.46915801269944807,1.3264579757333381,23
llama_3_3_70b_v2_retry2,322,20,0.4687585248565288,1.4242987120326693,22
llama_3_3_70b_v2_retry2,115,19,0.4682472321475457,0.3701776571365233,30
llama_3_3_70b_v2_retry2,86,18,0.46806294134971016,0.012310211866410618,134
llama_3_3_70b_v2_retry2,905,17,0.46796638281491565,0.5040622494789162,24
llama_3_3_70b_v2_retry2,377,23,0.46729404993611384,0.06275162337662336,11
llama_3_3_70b_v2_retry2,71,23,0.46703127221178825,0.2988113823241906,17
llama_3_3_70b_v2_retry2,11,20,0.4666281303209781,0.9968052074631022,25
llama_3_3_70b_v2_retry2,15,19,0.4663827414010492,0.0929598873348873,46
llama_3_3_70b_v2_retry2,521,22,0.4661922631607452,1.3559721202103772,35
llama_3_3_70b_v2_retry2,825,18,0.4658171851773562,2.1742628175376715,18
llama_3_3_70b_v2_retry2,307,20,0.4656550319399796,0.22163461538461543,10
llama_3_3_70b_v2_retry2,496,19,0.4655114258415122,0.5069734560490863,21
llama_3_3_70b_v2_retry2,176,21,0.46510333231254475,0.7860487610807302,17
llama_3_3_70b_v2_retry2,907,19,0.46509277714834774,0.34270274725274724,25
llama_3_3_70b_v2_retry2,403,22,0.4648141651314564,0.38228655603655604,11
llama_3_3_70b_v2_retry2,901,18,0.46476626949147604,0.24698696541553683,35
llama_3_3_70b_v2_retry2,52,21,0.46454694069105756,0.006239112094620998,128
llama_3_3_70b_v2_retry2,60,17,0.4644312720243835,0.11285728821443106,42
llama_3_3_70b_v2_retry2,645,17,0.4634710338678863,0.9005050505050505,11
llama_3_3_70b_v2_retry2,903,17,0.46266543919852277,0.721763392857143,16
llama_3_3_70b_v2_retry2,906,21,0.46248052775346354,0.12692108269938318,65
llama_3_3_70b_v2_retry2,410,20,0.46203776881709846,0.1526944444444444,20
llama_3_3_70b_v2_retry2,52,23,0.46179171324158674,0.1173063970268648,101
llama_3_3_70b_v2_retry2,390,20,0.46150985096294156,0.4658860203470711,24
llama_3_3_70b_v2_retry2,26,18,0.4611136281167041,0.03347130081423567,98
llama_3_3_70b_v2_retry2,111,17,0.46100726667395453,0.8287654320987655,27
llama_3_3_70b_v2_retry2,310,17,0.4609860646115599,0.22861000379116325,18
llama_3_3_70b_v2_retry2,85,23,0.4608688094335615,0.03166227047805994,6
llama_3_3_70b_v2_retry2,49,20,0.46022976011740035,1.0174883908631374,34
llama_3_3_70b_v2_retry2,92,21,0.46019048399592444,0.02378834804313128,83
llama_3_3_70b_v2_retry2,833,17,0.4596559947365047,0.1763131313131313,33
llama_3_3_70b_v2_retry2,28,18,0.4594048081904172,0.07243911570593231,105
llama_3_3_70b_v2_retry2,225,17,0.4589082447359793,0.1514158888778564,29
llama_3_3_70b_v2_retry2,87,20,0.4587121388961873,0.093897504456328,25
llama_3_3_70b_v2_retry2,102,18,0.45795934548831213,1.1333539094650207,27
llama_3_3_70b_v2_retry2,336,18,0.4577713605097097,0.057601115319865316,40
llama_3_3_70b_v2_retry2,893,18,0.457589671919943,0.14296130952380953,8
llama_3_3_70b_v2_retry2,379,20,0.45732656246472825,0.07457195004070004,32
llama_3_3_70b_v2_retry2,385,23,0.45706687581489014,0.10017241611398364,22
llama_3_3_70b_v2_retry2,335,17,0.45666422391518446,0.13792288188988328,41
llama_3_3_70b_v2_retry2,329,21,0.45654151802783044,0.28440170940170945,12
llama_3_3_70b_v2_retry2,684,17,0.455286147882975,0.5555731922398589,18
llama_3_3_70b_v2_retry2,53,19,0.4552485305629108,0.03942857188263947,67
llama_3_3_70b_v2_retry2,349,17,0.45512436575543136,0.23896691849816845,24
llama_3_3_70b_v2_retry2,606,18,0.4548980690304733,0.14651842499064718,48
llama_3_3_70b_v2_retry2,361,21,0.4547848755730243,0.10814959082502942,18
llama_3_3_70b_v2_retry2,414,21,0.4546862545763487,0.10608295177045177,20
llama_3_3_70b_v2_retry2,11,22,0.45365909080103317,1.2618776415891804,13
llama_3_3_70b_v2_retry2,373,19,0.4534779749712459,0.24514189514189513,14
llama_3_3_70b_v2_retry2,833,18,0.45347731537338976,0.13976791932347485,45
llama_3_3_70b_v2_retry2,311,18,0.4530548006541125,2.5448273900238516,32
llama_3_3_70b_v2_retry2,321,17,0.45294680307324137,0.04975298666475135,32
llama_3_3_70b_v2_retry2,53,18,0.4529355004094667,0.04668306698786319,76
llama_3_3_70b_v2_retry2,392,20,0.4524462028875232,0.8317760942760942,9
llama_3_3_70b_v2_retry2,369,19,0.45201355091343387,0.38194569319569327,25
llama_3_3_70b_v2_retry2,31,21,0.4513936236441559,0.040855347688069685,52
llama_3_3_70b_v2_retry2,87,18,0.4509849652942322,0.07169497855429893,157
llama_3_3_70b_v2_retry2,14,21,0.4501467085870455,0.17394580610021784,10
llama_3_3_70b_v2_retry2,498,17,0.44961809387359003,1.142063492063492,14
llama_3_3_70b_v2_retry2,347,23,0.4492773537595172,0.07229797979797979,11
llama_3_3_70b_v2_retry2,350,23,0.4488059724717465,0.3400826939471441,10
llama_3_3_70b_v2_retry2,177,21,0.447120291907253,0.6642528502629123,12
llama_3_3_70b_v2_retry2,331,18,0.4470773241171215,0.20215383343070822,36
llama_3_3_70b_v2_retry2,179,22,0.44699267101320767,0.04782647113882809,10
llama_3_3_70b_v2_retry2,217,17,0.446880332816443,0.1840376984126984,14
llama_3_3_70b_v2_retry2,53,17,0.44663220042507534,0.009815870504772731,68
llama_3_3_70b_v2_retry2,658,17,0.44651933106074115,0.024854531981025836,105
llama_3_3_70b_v2_retry2,466,19,0.4454694391526599,1.0088546873277224,26
llama_3_3_70b_v2_retry2,303,17,0.4453997796229367,1.621306008806009,18
llama_3_3_70b_v2_retry2,329,18,0.4449225425430133,0.236620082815735,23
llama_3_3_70b_v2_retry2,529,18,0.44388354159637683,2.0324355158730154,12
llama_3_3_70b_v2_retry2,893,19,0.443584017290898,0.07075441919191916,8
llama_3_3_70b_v2_retry2,521,21,0.443551780562924,0.0850658946316574,37
llama_3_3_70b_v2_retry2,508,18,0.44345315894820936,0.28359964366908813,36
llama_3_3_70b_v2_retry2,388,19,0.44334393124311394,1.1810433316683318,26
llama_3_3_70b_v2_retry2,88,18,0.44333550866584887,0.14793143267407974,34
llama_3_3_70b_v2_retry2,384,18,0.44332161457167774,0.9589575459813553,21
llama_3_3_70b_v2_retry2,65,17,0.4432881776768727,0.06211081878040534,73
llama_3_3_70b_v2_retry2,408,19,0.4432598015206683,0.38054998388244166,14
llama_3_3_70b_v2_retry2,375,18,0.4432430724185464,0.21110136110136107,37
llama_3_3_70b_v2_retry2,353,18,0.4426409041860419,0.07464985994397759,17
llama_3_3_70b_v2_retry2,27,17,0.44199576086966674,0.035797587027500855,77
llama_3_3_70b_v2_retry2,16,20,0.4413821587654128,0.13174830896495524,52
llama_3_3_70b_v2_retry2,29,22,0.4413747629416292,0.11421926067841691,58
llama_3_3_70b_v2_retry2,372,20,0.4411589348502957,0.06820175438596492,19
llama_3_3_70b_v2_retry2,377,22,0.44065050115367693,1.1467361111111112,12
llama_3_3_70b_v2_retry2,414,20,0.4406308452715907,0.2914915177415177,18
llama_3_3_70b_v2_retry2,89,17,0.4405517390645953,0.038215776362580514,77
llama_3_3_70b_v2_retry2,337,19,0.44052786198742244,0.07105578577800799,27
llama_3_3_70b_v2_retry2,412,21,0.44017467535561255,1.3520931918958234,19
llama_3_3_70b_v2_retry2,75,17,0.43938702478389524,0.04324543504559439,77
llama_3_3_70b_v2_retry2,606,17,0.43904417098071963,0.07645491853825187,39
llama_3_3_70b_v2_retry2,70,22,0.4389680481285132,7.21376868839019,23
llama_3_3_70b_v2_retry2,308,19,0.43891300784947235,0.2782998892876989,30
llama_3_3_70b_v2_retry2,435,19,0.4383461042998634,0.058245892593718665,23
llama_3_3_70b_v2_retry2,379,19,0.4383018366543756,0.12034613343383589,36
llama_3_3_70b_v2_retry2,520,17,0.43806311255824965,0.0919067037351974,29
llama_3_3_70b_v2_retry2,609,17,0.4380479229542648,0.30763443732193735,24
llama_3_3_70b_v2_retry2,546,18,0.43780914058913056,0.06837695868945869,32
llama_3_3_70b_v2_retry2,38,19,0.4375733236099217,0.015211399861423718,126
llama_3_3_70b_v2_retry2,745,18,0.43704171375384093,0.1339285714285715,8
llama_3_3_70b_v2_retry2,738,22,0.43650992574679026,0.04611111111111108,5
llama_3_3_70b_v2_retry2,456,18,0.43647444248781625,0.1035579375009522,48
llama_3_3_70b_v2_retry2,66,18,0.4363541867090612,0.24407875200860848,86
llama_3_3_70b_v2_retry2,311,17,0.43618794887135903,0.1365562270562132,28
llama_3_3_70b_v2_retry2,810,18,0.43604376570300646,0.09975984417473778,47
llama_3_3_70b_v2_retry2,416,20,0.4358855977659515,0.03201459034792366,9
llama_3_3_70b_v2_retry2,73,17,0.4358032793398664,0.03436845091015805,51
llama_3_3_70b_v2_retry2,500,17,0.43421908498956846,0.16933975924360536,26
llama_3_3_70b_v2_retry2,31,20,0.43314879928193994,0.15004114551039432,66
llama_3_3_70b_v2_retry2,51,20,0.4324743577745322,0.037126351163290425,146
llama_3_3_70b_v2_retry2,388,20,0.43244123998573064,0.3519512516469039,15
llama_3_3_70b_v2_retry2,308,23,0.43162295924457095,0.7918721723794188,9
llama_3_3_70b_v2_retry2,360,23,0.4313925112975454,1.155990146461161,10
llama_3_3_70b_v2_retry2,349,18,0.4312127611505742,0.20555975317139588,33
llama_3_3_70b_v2_retry2,50,21,0.43104054046823564,0.021667867394420996,106
llama_3_3_70b_v2_retry2,353,17,0.4299998064143731,1.1516424162257495,12
llama_3_3_70b_v2_retry2,360,21,0.4290359841106119,0.29360841540838745,24
llama_3_3_70b_v2_retry2,81,19,0.42882918058191094,0.14541104767705007,30
llama_3_3_70b_v2_retry2,738,21,0.42871440390357707,0.5042489035087719,12
llama_3_3_70b_v2_retry2,346,17,0.42781545136544435,0.14273806413892617,29
llama_3_3_70b_v2_retry2,50,20,0.4277726487989642,0.03187330585959317,140
llama_3_3_70b_v2_retry2,332,21,0.4276950021860593,0.4377588383838384,11
llama_3_3_70b_v2_retry2,463,22,0.427430954390216,0.6757292768652708,44
llama_3_3_70b_v2_retry2,676,18,0.42730118026295033,0.5734523809523809,21
llama_3_3_70b_v2_retry2,361,19,0.42707779904826043,0.2176581843376126,42
llama_3_3_70b_v2_retry2,670,17,0.427067161623072,0.020219450015961607,86
llama_3_3_70b_v2_retry2,179,18,0.4270025161350232,0.34658327184797766,20
llama_3_3_70b_v2_retry2,207,17,0.4269058433944619,0.03213274840837406,67
llama_3_3_70b_v2_retry2,350,22,0.4267842689689177,0.5190453933601732,11
llama_3_3_70b_v2_retry2,73,19,0.4266415327515596,0.10558385000032595,57
llama_3_3_70b_v2_retry2,42,19,0.42635199031722193,0.017798591556418938,173
llama_3_3_70b_v2_retry2,12,21,0.4259442697560403,0.42512521547210547,22
llama_3_3_70b_v2_retry2,528,17,0.42576234061131324,0.1980985378581532,26
llama_3_3_70b_v2_retry2,101,20,0.42552037588273794,0.548883004551704,28
llama_3_3_70b_v2_retry2,30,19,0.42494615683684395,0.012040054651981878,113
llama_3_3_70b_v2_retry2,215,21,0.42480521923818154,0.7811471861471859,11
llama_3_3_70b_v2_retry2,163,20,0.42444972835860306,0.2936037287844396,13
llama_3_3_70b_v2_retry2,500,18,0.42407765905682354,0.39038319623845935,38
llama_3_3_70b_v2_retry2,389,18,0.4234415483232433,0.38623088551659984,28
llama_3_3_70b_v2_retry2,74,17,0.42277844303105466,0.028491861401793283,115
llama_3_3_70b_v2_retry2,920,22,0.42270116664848406,3.96579415954416,13
llama_3_3_70b_v2_retry2,106,18,0.4224751227934618,0.4589277777777778,25
llama_3_3_70b_v2_retry2,86,17,0.4222401241832886,0.1952244851738689,115
llama_3_3_70b_v2_retry2,409,21,0.42185714627099447,0.06274738018546065,19
llama_3_3_70b_v2_retry2,102,17,0.4216561530975608,0.22085797946909058,27
llama_3_3_70b_v2_retry2,546,17,0.42150318500878986,0.13861372344130962,29
llama_3_3_70b_v2_retry2,335,18,0.42112806234107264,0.08969812158491403,53
llama_3_3_70b_v2_retry2,315,21,0.4210068096192517,0.06459432445942838,35
llama_3_3_70b_v2_retry2,913,21,0.420969206463421,0.19651828847481026,23
llama_3_3_70b_v2_retry2,83,21,0.42091003045339515,0.6292337645584548,20
llama_3_3_70b_v2_retry2,29,19,0.42042000408796154,0.09823181714682398,103
llama_3_3_70b_v2_retry2,52,22,0.41943986931360006,0.0024536650446354206,125
llama_3_3_70b_v2_retry2,4,18,0.4189465497507943,0.11492071318103858,47
llama_3_3_70b_v2_retry2,388,21,0.4187859579170438,0.17506481481481478,15
llama_3_3_70b_v2_retry2,322,19,0.4184131050056709,0.5041495956151129,29
llama_3_3_70b_v2_retry2,115,18,0.4180488319123503,0.169427576215001,43
llama_3_3_70b_v2_retry2,362,18,0.41785112578458833,0.5262133487654321,24
llama_3_3_70b_v2_retry2,41,20,0.4172030875132493,0.03471789507519527,145
llama_3_3_70b_v2_retry2,355,21,0.4169818929328744,0.7986580743892301,39
llama_3_3_70b_v2_retry2,463,23,0.4162689331792429,0.6168283615084689,30
llama_3_3_70b_v2_retry2,14,19,0.41621696065912667,0.5753679968059054,18
llama_3_3_70b_v2_retry2,373,17,0.4162106050193858,0.2196159188034188,20
llama_3_3_70b_v2_retry2,508,17,0.415864095393169,0.3757549857549858,26
llama_3_3_70b_v2_retry2,903,18,0.41528825384377094,0.5546240601503759,19
llama_3_3_70b_v2_retry2,16,23,0.414987491022398,0.16283858777906393,21
llama_3_3_70b_v2_retry2,435,17,0.4148730483983653,0.532795214045214,15
llama_3_3_70b_v2_retry2,551,17,0.4145982099948177,0.09888880960309535,28
llama_3_3_70b_v2_retry2,82,22,0.4140908639892125,0.23701211003846592,26
llama_3_3_70b_v2_retry2,738,20,0.4139150454852162,0.15006778309409888,11
llama_3_3_70b_v2_retry2,106,17,0.413734781209194,2.1094142101284956,21
llama_3_3_70b_v2_retry2,506,19,0.4136555274105964,0.22832674819662047,24
llama_3_3_70b_v2_retry2,326,17,0.4122694563829028,0.6801043771043771,20
llama_3_3_70b_v2_retry2,319,17,0.41224253760890756,0.2434476634476634,26
llama_3_3_70b_v2_retry2,814,17,0.411871804517804,0.32473960383051287,22
llama_3_3_70b_v2_retry2,413,19,0.4117666939206561,0.11812584175084176,20
llama_3_3_70b_v2_retry2,92,20,0.41173046941621344,0.031255357791921894,113
llama_3_3_70b_v2_retry2,410,21,0.411379368117712,0.05725101287601283,16
llama_3_3_70b_v2_retry2,11,18,0.41087483686260257,0.05727395969446412,24
llama_3_3_70b_v2_retry2,381,18,0.4099837136341035,0.09328162578162576,33
llama_3_3_70b_v2_retry2,225,18,0.40898513495611305,0.17572344695453937,35
llama_3_3_70b_v2_retry2,401,18,0.4086245830942055,0.2738650238650238,35
llama_3_3_70b_v2_retry2,901,17,0.40848801509755006,0.612113146113146,25
llama_3_3_70b_v2_retry2,326,18,0.4082054368614961,0.5028127033641739,24
llama_3_3_70b_v2_retry2,356,19,0.40742073445115584,0.21872443704644792,22
llama_3_3_70b_v2_retry2,14,20,0.40684796698010744,0.15574896625316795,7
llama_3_3_70b_v2_retry2,684,19,0.4064955136800976,0.21454608084816415,24
llama_3_3_70b_v2_retry2,550,17,0.4043676318374216,2.1291672077922077,22
llama_3_3_70b_v2_retry2,142,22,0.4042727739294587,0.7508174603174602,11
llama_3_3_70b_v2_retry2,371,19,0.40366336564121647,0.802152151475068,36
llama_3_3_70b_v2_retry2,403,19,0.4027833259245483,0.8116975848225849,22
llama_3_3_70b_v2_retry2,66,17,0.4015460691954382,0.03325768901770963,78
llama_3_3_70b_v2_retry2,301,18,0.4014540770565076,0.8413772175536881,17
llama_3_3_70b_v2_retry2,419,21,0.40068856126667696,0.5775913900913899,9
llama_3_3_70b_v2_retry2,658,18,0.40051958653047043,0.0038997017915238527,161
llama_3_3_70b_v2_retry2,301,20,0.4001430013235478,0.5153060918269897,11
llama_3_3_70b_v2_retry2,395,17,0.40002320151858944,0.3974378898153408,18
llama_3_3_70b_v2_retry2,87,17,0.39893513808374814,0.013489611667313236,128
llama_3_3_70b_v2_retry2,302,19,0.39804740574076675,1.4771253015989858,11
llama_3_3_70b_v2_retry2,16,19,0.39703590010151685,0.04709228747646816,111
llama_3_3_70b_v2_retry2,357,19,0.39692482737999524,0.38350222925928495,27
llama_3_3_70b_v2_retry2,40,19,0.39682195680639004,0.0717338902812587,25
llama_3_3_70b_v2_retry2,407,18,0.3967706499557909,0.09066274738020852,54
llama_3_3_70b_v2_retry2,316,17,0.3964806673101261,0.3942082233796035,26
llama_3_3_70b_v2_retry2,136,17,0.39478471002814847,0.231950394182537,28
llama_3_3_70b_v2_retry2,820,17,0.3947057067126776,0.3487058080808081,22
llama_3_3_70b_v2_retry2,739,19,0.39426208104308147,0.07538796845188098,40
llama_3_3_70b_v2_retry2,276,19,0.3939356924551267,0.026009353616450785,33
llama_3_3_70b_v2_retry2,551,18,0.3939292845054255,0.07694782014722487,42
llama_3_3_70b_v2_retry2,16,17,0.3938173481527826,0.2745555978873114,115
llama_3_3_70b_v2_retry2,798,17,0.3937554504387237,0.11977124183006538,8
llama_3_3_70b_v2_retry2,336,17,0.39320170653618286,0.07790038761575767,31
llama_3_3_70b_v2_retry2,75,18,0.39307325764541057,0.025302575945501796,106
llama_3_3_70b_v2_retry2,466,17,0.39249549947541923,0.6256446959125531,21
llama_3_3_70b_v2_retry2,337,18,0.39208281556907204,0.2540087452230309,35
llama_3_3_70b_v2_retry2,120,19,0.39177326604959817,0.2518790978282957,33
llama_3_3_70b_v2_retry2,179,23,0.3916898691718524,0.8194586167800455,7
llama_3_3_70b_v2_retry2,377,20,0.3916337727591948,0.07618675229289038,23
llama_3_3_70b_v2_retry2,670,18,0.3911600777701495,0.02285956201117477,104
llama_3_3_70b_v2_retry2,276,20,0.3911124011351102,0.0968648139300313,14
llama_3_3_70b_v2_retry2,327,21,0.3908292601922788,0.3606108907800637,14
llama_3_3_70b_v2_retry2,496,17,0.3902801322109534,0.5341589506172839,18
llama_3_3_70b_v2_retry2,355,20,0.3897742786789446,0.04258118686105101,56
llama_3_3_70b_v2_retry2,12,19,0.389577211433673,0.014744591847017027,42
llama_3_3_70b_v2_retry2,906,20,0.38955505535846763,0.051728267387689424,71
llama_3_3_70b_v2_retry2,390,19,0.3895431960462807,1.7699818731068728,37
llama_3_3_70b_v2_retry2,317,18,0.3872737199692307,0.11415858870127164,41
llama_3_3_70b_v2_retry2,404,17,0.38638526893220787,0.7100743906299463,9
llama_3_3_70b_v2_retry2,419,19,0.3863733627710906,0.5715601283248343,17
llama_3_3_70b_v2_retry2,276,18,0.38576028807495416,1.1001580710131835,39
llama_3_3_70b_v2_retry2,27,18,0.3852597474417912,0.04415583462982598,105
llama_3_3_70b_v2_retry2,414,19,0.38509337208388245,0.33648670170409295,23
llama_3_3_70b_v2_retry2,550,19,0.3850782677012261,0.28281701940035275,18
llama_3_3_70b_v2_retry2,70,20,0.3849911301344263,0.3572731375192587,34
llama_3_3_70b_v2_retry2,120,18,0.3845217454997254,0.4105606122272789,39
llama_3_3_70b_v2_retry2,415,20,0.3841055996966081,0.15027146464646465,20
llama_3_3_70b_v2_retry2,52,20,0.3835435231149517,0.0014355273570603791,162
llama_3_3_70b_v2_retry2,112,17,0.38261393532104965,0.2698281308063917,23
llama_3_3_70b_v2_retry2,101,19,0.38138718928346726,0.11760773958030644,32
llama_3_3_70b_v2_retry2,389,17,0.38131491002989737,0.2592505057578587,24
llama_3_3_70b_v2_retry2,629,18,0.38056294144416974,0.23053493619670085,34
llama_3_3_70b_v2_retry2,346,19,0.3793731343328978,0.3374048054435986,29
llama_3_3_70b_v2_retry2,114,18,0.37934854061019535,1.4888964253717685,35
llama_3_3_70b_v2_retry2,327,23,0.37891316451109863,0.6043359931691975,10
llama_3_3_70b_v2_retry2,906,19,0.3781294071312631,0.05349235423060681,96
llama_3_3_70b_v2_retry2,392,17,0.3780753981705779,1.540302579365079,8
llama_3_3_70b_v2_retry2,45,19,0.377815974099931,0.06384813353361243,125
llama_3_3_70b_v2_retry2,416,18,0.3772498022458059,0.3384452661535995,18
llama_3_3_70b_v2_retry2,409,18,0.3770905555726752,0.3502460779320641,34
llama_3_3_70b_v2_retry2,175,21,0.37697081360311807,0.21374262786628795,19
llama_3_3_70b_v2_retry2,323,20,0.37685331176746245,0.30168698260803517,14
llama_3_3_70b_v2_retry2,355,19,0.3766289773418008,0.02016260897116592,117
llama_3_3_70b_v2_retry2,810,17,0.376108781713066,0.12267692047579264,35
llama_3_3_70b_v2_retry2,385,21,0.3755936461219599,0.5707306016940992,31
llama_3_3_70b_v2_retry2,372,19,0.3755172778710841,0.09885696010696009,37
llama_3_3_70b_v2_retry2,4,17,0.37454461658766713,0.13984744632471902,33
llama_3_3_70b_v2_retry2,419,18,0.3739346434187997,0.1368785163638105,31
llama_3_3_70b_v2_retry2,82,23,0.37384779533283413,0.2686090608839056,14
llama_3_3_70b_v2_retry2,76,19,0.37365927120922804,0.008223617946331876,220
llama_3_3_70b_v2_retry2,407,17,0.37356848388577013,0.035476256498131464,40
llama_3_3_70b_v2_retry2,65,19,0.3733633079801724,0.27664724217704095,58
llama_3_3_70b_v2_retry2,783,17,0.3733592433476902,0.21549543049543046,10
llama_3_3_70b_v2_retry2,65,18,0.3731802119958836,0.09354598188029241,82
llama_3_3_70b_v2_retry2,120,17,0.37277790340551814,0.6206884978820462,31
llama_3_3_70b_v2_retry2,187,20,0.3726426749168038,0.49708308045440386,10
llama_3_3_70b_v2_retry2,905,18,0.37220919025387345,0.3693233101321337,33
llama_3_3_70b_v2_retry2,411,18,0.3717843164391495,0.20293903487085307,33
llama_3_3_70b_v2_retry2,49,19,0.37041494495847854,0.0281284483187917,57
llama_3_3_70b_v2_retry2,126,17,0.36991267038030706,0.04682539682539682,7
llama_3_3_70b_v2_retry2,373,18,0.3694425360211107,0.7126729481937816,24
llama_3_3_70b_v2_retry2,49,17,0.36913632595445894,0.11437615021791897,51
llama_3_3_70b_v2_retry2,387,19,0.3690549018746835,0.4202798232509244,43
llama_3_3_70b_v2_retry2,384,17,0.3689349441447504,0.4172288359788359,14
llama_3_3_70b_v2_retry2,529,17,0.3687461542327707,0.37478114478114477,9
llama_3_3_70b_v2_retry2,415,19,0.3686926263026342,0.2146496942940019,43
llama_3_3_70b_v2_retry2,416,19,0.3682545845819708,0.933085491506544,19
llama_3_3_70b_v2_retry2,456,17,0.36785606141615257,0.04246919320216533,38
llama_3_3_70b_v2_retry2,112,18,0.36747117302433074,0.2608489380989381,30
llama_3_3_70b_v2_retry2,738,19,0.36731309319795724,0.6016545975007231,18
llama_3_3_70b_v2_retry2,356,22,0.36717172586011076,0.12488476030142696,11
llama_3_3_70b_v2_retry2,413,18,0.3668716337120262,0.406739998783268,65
llama_3_3_70b_v2_retry2,81,20,0.36593587833501995,0.2748473325856524,25
llama_3_3_70b_v2_retry2,913,19,0.36545029775413085,0.2446059727309727,28
llama_3_3_70b_v2_retry2,372,17,0.3652654842636229,0.0304924178885025,50
llama_3_3_70b_v2_retry2,463,19,0.3649887179073287,0.07889480343660772,134
llama_3_3_70b_v2_retry2,16,21,0.36497386691056793,0.13407269998472268,24
llama_3_3_70b_v2_retry2,321,21,0.3645338066854607,0.12554190469382862,28
llama_3_3_70b_v2_retry2,16,18,0.36428494938412836,0.039020325130302604,135
llama_3_3_70b_v2_retry2,296,19,0.36405386306263465,0.2014167289137877,25
llama_3_3_70b_v2_retry2,392,19,0.36278466372128754,0.5947823427616659,7
llama_3_3_70b_v2_retry2,625,18,0.3625742460895172,0.09354797979797977,11
llama_3_3_70b_v2_retry2,739,17,0.3623757160945525,0.022536666347503367,61
llama_3_3_70b_v2_retry2,361,18,0.3620030881044488,0.02182308429632931,57
llama_3_3_70b_v2_retry2,645,18,0.36192625007690493,1.1691550925925924,12
llama_3_3_70b_v2_retry2,497,17,0.3611435430225565,0.101984126984127,7
llama_3_3_70b_v2_retry2,44,19,0.3608404220029798,0.015151870482411808,146
llama_3_3_70b_v2_retry2,200,18,0.3604730882758069,0.09139308077543372,40
llama_3_3_70b_v2_retry2,91,19,0.36006906625332263,0.09099403498818703,45
llama_3_3_70b_v2_retry2,408,17,0.3590643319498086,0.313578431372549,17
llama_3_3_70b_v2_retry2,30,17,0.35901594395228403,0.021138951386845826,103
llama_3_3_70b_v2_retry2,53,21,0.3589040782716113,0.20820036172977352,13
llama_3_3_70b_v2_retry2,379,18,0.35868584167488565,0.08952676006653278,44
llama_3_3_70b_v2_retry2,397,18,0.3586662646223162,0.5378381642512078,23
llama_3_3_70b_v2_retry2,410,19,0.3581068123313818,0.10705055210489993,23
llama_3_3_70b_v2_retry2,330,17,0.3578830909210903,0.2960492530345471,17
llama_3_3_70b_v2_retry2,327,20,0.3574443339190673,0.3677121295300236,28
llama_3_3_70b_v2_retry2,80,18,0.35737574418192297,0.6778442359891376,59
llama_3_3_70b_v2_retry2,550,18,0.3557846990393464,0.18913355874894336,26
llama_3_3_70b_v2_retry2,684,18,0.35471283322387076,0.3305968491385158,24
llama_3_3_70b_v2_retry2,360,22,0.3539690701567163,0.31053238336136485,21
llama_3_3_70b_v2_retry2,163,18,0.3539658934635788,0.6441461629733941,23
llama_3_3_70b_v2_retry2,331,17,0.3538608006716056,0.09160104127696721,27
llama_3_3_70b_v2_retry2,99,19,0.3538045492753751,0.2248894630159403,94
llama_3_3_70b_v2_retry2,739,18,0.353635290941775,0.1258623890389256,71
llama_3_3_70b_v2_retry2,739,21,0.3531983817572897,0.09221146908646904,16
llama_3_3_70b_v2_retry2,32,17,0.35314552058144677,0.11149213777326954,90
llama_3_3_70b_v2_retry2,50,19,0.35290537174808795,0.05324725175560786,171
llama_3_3_70b_v2_retry2,312,17,0.3527677551818404,0.11068331310266796,31
llama_3_3_70b_v2_retry2,305,17,0.35273175352163155,0.2529706605528974,22
llama_3_3_70b_v2_retry2,215,19,0.3518550450156316,0.18849901708597355,23
llama_3_3_70b_v2_retry2,276,17,0.35164115179207267,0.07634487329110982,37
llama_3_3_70b_v2_retry2,309,17,0.35129634831071854,0.04127314814814816,18
llama_3_3_70b_v2_retry2,409,17,0.3496108062709307,0.11955825617283948,24
llama_3_3_70b_v2_retry2,506,18,0.3494699693117101,0.2814202143021588,36
llama_3_3_70b_v2_retry2,413,17,0.3487219650121333,0.22010165532671955,62
llama_3_3_70b_v2_retry2,31,22,0.3485731332044302,0.030226119727982535,54
llama_3_3_70b_v2_retry2,136,18,0.3485366443923162,0.08738448370801312,34
llama_3_3_70b_v2_retry2,330,18,0.3484281819315884,0.1669264069264069,22
llama_3_3_70b_v2_retry2,215,17,0.348081961654877,0.3616977952149521,18
llama_3_3_70b_v2_retry2,43,21,0.3477618887304289,0.19169656367510315,34
llama_3_3_70b_v2_retry2,406,17,0.34724784832932093,0.02916180494925062,72
llama_3_3_70b_v2_retry2,101,22,0.3471593429767914,0.6482464267410608,19
llama_3_3_70b_v2_retry2,412,18,0.34686985649738755,0.3432178761304452,65
llama_3_3_70b_v2_retry2,415,17,0.3463879844106715,0.030293109810085192,59
llama_3_3_70b_v2_retry2,207,18,0.34631481747714565,0.03484914466844747,77
llama_3_3_70b_v2_retry2,814,18,0.34630769599406264,0.7438260758848994,29
llama_3_3_70b_v2_retry2,783,18,0.34598572360675467,0.5713265627106459,34
llama_3_3_70b_v2_retry2,920,19,0.34578760396813896,0.07992284395177615,34
llama_3_3_70b_v2_retry2,148,18,0.34568921745632525,0.5543638074888075,12
llama_3_3_70b_v2_retry2,302,17,0.345584123917714,0.6821944444444444,10
llama_3_3_70b_v2_retry2,959,19,0.34501252221859774,0.29188149234427613,32
llama_3_3_70b_v2_retry2,360,20,0.34495224722413403,0.18117920693648767,31
llama_3_3_70b_v2_retry2,51,19,0.34454243034892595,0.08891789348846764,171
llama_3_3_70b_v2_retry2,415,18,0.3435563978126134,0.0702149766568762,78
llama_3_3_70b_v2_retry2,142,23,0.3434823130180317,0.030054945054945038,5
llama_3_3_70b_v2_retry2,881,19,0.3434668090924593,0.15430555555555556,6
llama_3_3_70b_v2_retry2,412,17,0.3433073398379757,0.021364115325979715,59
llama_3_3_70b_v2_retry2,179,19,0.34316388791495384,0.0904896437984673,17
llama_3_3_70b_v2_retry2,30,18,0.34225924324481866,0.009622423053631297,125
llama_3_3_70b_v2_retry2,406,18,0.34225590693260394,0.016176251878443813,98
llama_3_3_70b_v2_retry2,350,19,0.34203755385225476,2.026878694491138,26
llama_3_3_70b_v2_retry2,52,19,0.34173850972977954,0.015268334431727783,165
llama_3_3_70b_v2_retry2,12,20,0.3406047609223482,0.023923417325684482,24
llama_3_3_70b_v2_retry2,91,20,0.34002378540224953,0.166775720164609,9
llama_3_3_70b_v2_retry2,41,19,0.3398133128698584,0.11768858686617722,199
llama_3_3_70b_v2_retry2,371,20,0.3396736527219921,0.17298337438423642,24
llama_3_3_70b_v2_retry2,315,20,0.33895508503222954,0.038298150466991664,35
llama_3_3_70b_v2_retry2,322,23,0.3386740687310534,0.03396825396825393,6
llama_3_3_70b_v2_retry2,141,17,0.3382061851140634,0.3849456158648457,47
llama_3_3_70b_v2_retry2,414,17,0.3381031053254404,0.1432706722290055,24
llama_3_3_70b_v2_retry2,401,17,0.33788812287212794,0.06216545029045028,26
llama_3_3_70b_v2_retry2,518,19,0.3376961324867434,0.09608620918723217,8
llama_3_3_70b_v2_retry2,81,21,0.337660905772666,0.26549023152817125,21
llama_3_3_70b_v2_retry2,357,17,0.3371982292704656,0.04674102491238042,23
llama_3_3_70b_v2_retry2,390,21,0.3368381467701056,1.093315611971622,25
llama_3_3_70b_v2_retry2,385,20,0.3368151382892592,0.012566196259957673,45
llama_3_3_70b_v2_retry2,92,17,0.336787022621757,0.018459294499997548,141
llama_3_3_70b_v2_retry2,387,20,0.33643386896552835,0.1686087924373528,17
llama_3_3_70b_v2_retry2,79,19,0.33526133813568554,0.11301963025507915,50
llama_3_3_70b_v2_retry2,175,19,0.33474558229745255,0.28553722652816854,24
llama_3_3_70b_v2_retry2,307,17,0.33463625998682955,0.4568055555555556,8
llama_3_3_70b_v2_retry2,350,20,0.33411530645727805,0.17841253905792318,20
llama_3_3_70b_v2_retry2,82,21,0.3339716260324682,1.0979081717690016,26
llama_3_3_70b_v2_retry2,411,17,0.33263004934026424,0.06100803957946812,21
llama_3_3_70b_v2_retry2,337,17,0.33247147924687026,0.09083333333333331,24
llama_3_3_70b_v2_retry2,388,18,0.3322174204253841,0.2002579168592241,27
llama_3_3_70b_v2_retry2,215,18,0.3315021841396067,0.18941964285714286,24
llama_3_3_70b_v2_retry2,99,17,0.33129410037799284,0.026806389483155665,79
llama_3_3_70b_v2_retry2,369,18,0.3306441517721349,1.067933201058201,30
llama_3_3_70b_v2_retry2,403,17,0.3299721210272452,0.25688925272258606,24
llama_3_3_70b_v2_retry2,893,17,0.32943497767976054,0.2044444444444444,6
llama_3_3_70b_v2_retry2,659,17,0.32924945233581276,0.22901234567901238,9
llama_3_3_70b_v2_retry2,92,19,0.3291646454247959,0.029206057240615375,149
llama_3_3_70b_v2_retry2,142,18,0.3268631067773834,0.38449562916954216,23
llama_3_3_70b_v2_retry2,506,17,0.32596999704495383,0.24372215458152954,32
llama_3_3_70b_v2_retry2,76,18,0.32566334448942,0.0637145345813442,261
llama_3_3_70b_v2_retry2,38,17,0.32547176624345553,0.008613240848292528,118
llama_3_3_70b_v2_retry2,176,23,0.32538386206742737,0.14153334588117195,11
llama_3_3_70b_v2_retry2,410,18,0.32448661681682267,0.262218660968661,26
llama_3_3_70b_v2_retry2,40,17,0.3244304667229002,0.10907142857142856,20
llama_3_3_70b_v2_retry2,99,18,0.3241424579683982,0.021973206037421863,93
llama_3_3_70b_v2_retry2,317,17,0.32410250795416184,0.06025489488724781,34
llama_3_3_70b_v2_retry2,419,17,0.32361011167512377,0.6200553002877565,30
llama_3_3_70b_v2_retry2,379,17,0.322293601704485,0.05219770759543485,33
llama_3_3_70b_v2_retry2,45,18,0.32205808408336783,0.020543617275047155,136
llama_3_3_70b_v2_retry2,76,17,0.3217501806283944,0.017187851523595397,220
llama_3_3_70b_v2_retry2,91,18,0.32146871582427894,0.09211154914640753,45
llama_3_3_70b_v2_retry2,42,17,0.32120216019557274,0.04837410643439847,142
llama_3_3_70b_v2_retry2,523,18,0.32066956478783687,0.34004050925925916,24
llama_3_3_70b_v2_retry2,175,17,0.32040781362916565,0.06451300319782885,31
llama_3_3_70b_v2_retry2,388,17,0.3201761629491886,1.0480725623582767,21
llama_3_3_70b_v2_retry2,347,18,0.32014414110959794,0.09189078282828282,36
llama_3_3_70b_v2_retry2,466,18,0.319773058283327,0.04616442846281556,31
llama_3_3_70b_v2_retry2,522,18,0.3196322266593485,0.869184904601571,12
llama_3_3_70b_v2_retry2,377,18,0.31961021978888926,0.11364583589984048,39
llama_3_3_70b_v2_retry2,377,19,0.3188428701434025,0.15410306647242275,26
llama_3_3_70b_v2_retry2,77,19,0.3179063632960802,0.007600326186046203,145
llama_3_3_70b_v2_retry2,329,17,0.31781834803128367,0.06098039215686275,17
llama_3_3_70b_v2_retry2,519,17,0.3177368613142255,0.08282785841609368,16
llama_3_3_70b_v2_retry2,385,19,0.3174930222056075,0.02575621191950318,58
llama_3_3_70b_v2_retry2,907,17,0.3169788723690403,0.050399219516866545,24
llama_3_3_70b_v2_retry2,187,19,0.3163178817215944,8.928894993894994,7
llama_3_3_70b_v2_retry2,414,18,0.3155761691686325,1.396554983082761,27
llama_3_3_70b_v2_retry2,14,18,0.31555795306349915,0.11844678670765629,23
llama_3_3_70b_v2_retry2,12,17,0.3152067871057812,0.006574464278411643,40
llama_3_3_70b_v2_retry2,79,17,0.31449762083326843,0.03511165012523707,48
llama_3_3_70b_v2_retry2,410,17,0.3139010799574981,0.19055092592592596,20
llama_3_3_70b_v2_retry2,159,19,0.313611212731566,0.410250626566416,19
llama_3_3_70b_v2_retry2,361,20,0.3134147658491795,0.29644161783451406,23
llama_3_3_70b_v2_retry2,29,17,0.3132863031779099,0.010692230783055449,89
llama_3_3_70b_v2_retry2,737,17,0.31298612302441525,0.2815354358117516,6
llama_3_3_70b_v2_retry2,165,19,0.31292477624274245,0.06668067226890749,7
llama_3_3_70b_v2_retry2,416,17,0.31214260901658764,0.8731680295013627,15
llama_3_3_70b_v2_retry2,115,17,0.3113462476985754,0.08423153959511301,38
llama_3_3_70b_v2_retry2,387,17,0.3108847970611865,0.1505108338794986,36
llama_3_3_70b_v2_retry2,350,21,0.3104764999745336,0.17402918938264655,12
llama_3_3_70b_v2_retry2,347,17,0.30926155559888063,0.08237716464416027,36
llama_3_3_70b_v2_retry2,159,23,0.30870910490349057,0.09375555555555556,5
llama_3_3_70b_v2_retry2,70,23,0.3086030164456334,0.011958647062813722,13
llama_3_3_70b_v2_retry2,395,18,0.3082846320836143,0.3091712454212454,24
llama_3_3_70b_v2_retry2,315,19,0.3080483115847626,0.19379085493526008,63
llama_3_3_70b_v2_retry2,403,18,0.307444781966599,0.34858161339959587,30
llama_3_3_70b_v2_retry2,176,17,0.3073825124532663,0.30205438595513556,41
llama_3_3_70b_v2_retry2,372,18,0.3070999236467909,0.47967296723192954,53
llama_3_3_70b_v2_retry2,496,18,0.30670405326637684,0.41451436130007546,21
llama_3_3_70b_v2_retry2,83,19,0.30626749643173123,1.0969531231295935,27
llama_3_3_70b_v2_retry2,907,18,0.3051606782131394,0.21731719713207484,32
llama_3_3_70b_v2_retry2,50,18,0.3047742666672146,0.05384295942277582,176
llama_3_3_70b_v2_retry2,176,19,0.30464934474114364,0.17341148091774017,25
llama_3_3_70b_v2_retry2,43,20,0.30448400521008295,0.10433994801323496,38
llama_3_3_70b_v2_retry2,43,22,0.30429797513233425,0.03985661170201429,23
llama_3_3_70b_v2_retry2,357,18,0.304096725488711,0.1060235449643462,33
llama_3_3_70b_v2_retry2,31,19,0.30377702754774616,0.028363911036574985,64
llama_3_3_70b_v2_retry2,44,18,0.3035878924225425,0.21847331613035922,144
llama_3_3_70b_v2_retry2,316,18,0.303114545430578,0.1494503291988048,32
llama_3_3_70b_v2_retry2,52,18,0.3028692759118273,0.00216177451317884,177
llama_3_3_70b_v2_retry2,308,18,0.3021370014049057,0.3774407567740901,30
llama_3_3_70b_v2_retry2,82,19,0.3020372999726006,0.14995723447883222,78
llama_3_3_70b_v2_retry2,15,18,0.3009092709864569,0.07739917917684715,55
llama_3_3_70b_v2_retry2,15,17,0.3008346525959883,0.03186862436063112,57
llama_3_3_70b_v2_retry2,101,18,0.30061050146546403,0.06592555180437677,43
llama_3_3_70b_v2_retry2,177,19,0.29999930797057217,1.237111922799423,20
llama_3_3_70b_v2_retry2,163,19,0.299477907988309,0.16302964344895224,25
llama_3_3_70b_v2_retry2,42,18,0.2994446952685801,0.009561043905074285,169
llama_3_3_70b_v2_retry2,321,18,0.299154455091508,0.054207322191697195,40
llama_3_3_70b_v2_retry2,165,20,0.29911010221623946,1.0898854617604619,8
llama_3_3_70b_v2_retry2,175,20,0.29891680518007097,0.27392012617012623,15
llama_3_3_70b_v2_retry2,79,18,0.2981083452124983,0.03643582501106417,59
llama_3_3_70b_v2_retry2,301,17,0.2977601105469633,0.5766558441558444,11
llama_3_3_70b_v2_retry2,323,19,0.2972903913407166,0.24483285540830296,17
llama_3_3_70b_v2_retry2,913,17,0.29726055578858585,0.15912427849927852,24
llama_3_3_70b_v2_retry2,913,18,0.29692156584074864,0.09537445129566978,35
llama_3_3_70b_v2_retry2,14,17,0.2962753565379325,0.07038603988603989,20
llama_3_3_70b_v2_retry2,521,17,0.29515211459293916,0.09402112241401649,41
llama_3_3_70b_v2_retry2,52,17,0.293595979028489,0.0019367677952377472,151
llama_3_3_70b_v2_retry2,369,17,0.29355327500808753,0.04513855185622919,24
llama_3_3_70b_v2_retry2,38,18,0.2935001925362324,0.08138624699239387,163
llama_3_3_70b_v2_retry2,29,18,0.2933319919882105,0.04963879863292597,110
llama_3_3_70b_v2_retry2,91,17,0.29331858020725726,0.12027102069575184,40
llama_3_3_70b_v2_retry2,435,18,0.2929244377703701,0.5068320883661793,22
llama_3_3_70b_v2_retry2,959,20,0.2927936160216627,1.171268774425129,13
llama_3_3_70b_v2_retry2,521,19,0.2927518865218249,0.019299704520445594,60
llama_3_3_70b_v2_retry2,71,18,0.2927172447644715,0.023807676414647396,56
llama_3_3_70b_v2_retry2,70,21,0.29227960069826814,0.12570058916526305,26
llama_3_3_70b_v2_retry2,322,17,0.2919397703779573,0.06095230906372209,24
llama_3_3_70b_v2_retry2,159,20,0.2917625191880825,0.6193236236802413,8
llama_3_3_70b_v2_retry2,45,17,0.29146258135018294,0.006915121733134496,112
llama_3_3_70b_v2_retry2,738,17,0.2912839679374067,0.09491446053946052,22
llama_3_3_70b_v2_retry2,776,18,0.287966348893681,1.363925925925926,15
llama_3_3_70b_v2_retry2,296,18,0.2878002130577038,0.06916841224794011,34
llama_3_3_70b_v2_retry2,323,21,0.2877361397748967,0.2208659511784512,12
llama_3_3_70b_v2_retry2,141,20,0.28747707746839557,0.20203373015873022,8
llama_3_3_70b_v2_retry2,519,20,0.2868814513215209,0.00154569892473118,10
llama_3_3_70b_v2_retry2,40,18,0.28538498829771697,0.09414188229272812,28
llama_3_3_70b_v2_retry2,392,18,0.28500817060622285,0.174469246031746,8
llama_3_3_70b_v2_retry2,159,18,0.28478550995942,0.22323039391760321,36
llama_3_3_70b_v2_retry2,346,18,0.2847634155587598,0.1005576824153213,36
llama_3_3_70b_v2_retry2,307,18,0.2840627184739166,0.1918827160493827,9
llama_3_3_70b_v2_retry2,315,17,0.28390814212393384,0.026786810801115717,67
llama_3_3_70b_v2_retry2,776,17,0.28375561340015026,0.8393803418803418,10
llama_3_3_70b_v2_retry2,142,19,0.28350365436542935,0.21612474997769116,25
llama_3_3_70b_v2_retry2,50,17,0.283365905119802,0.28386514655344824,123
llama_3_3_70b_v2_retry2,142,20,0.2832162223037861,0.03247976729235018,14
llama_3_3_70b_v2_retry2,179,20,0.28211578508770735,0.3408412747383336,13
llama_3_3_70b_v2_retry2,371,18,0.2818960098464431,0.05093755583041298,35
llama_3_3_70b_v2_retry2,141,19,0.28108242844777803,0.20315240950044872,15
llama_3_3_70b_v2_retry2,141,18,0.280451507793613,0.045345466041894565,35
llama_3_3_70b_v2_retry2,31,17,0.27909145402314983,0.012271903368816992,61
llama_3_3_70b_v2_retry2,176,20,0.27849570838018733,0.9230206896827396,19
llama_3_3_70b_v2_retry2,302,18,0.2783650809654207,1.078392255892256,11
llama_3_3_70b_v2_retry2,159,17,0.2783594130532673,0.15368711272249846,45
llama_3_3_70b_v2_retry2,92,18,0.27834182408087965,0.004841275359454758,172
llama_3_3_70b_v2_retry2,332,20,0.27710128906739295,0.8628408838861287,19
llama_3_3_70b_v2_retry2,163,21,0.27698149903093133,0.01936507936507936,12
llama_3_3_70b_v2_retry2,332,19,0.2768947709026517,0.18856315560590564,24
llama_3_3_70b_v2_retry2,101,17,0.27651218804304756,0.05592353414715162,37
llama_3_3_70b_v2_retry2,350,17,0.27508275183106307,0.028380398110661273,26
llama_3_3_70b_v2_retry2,377,17,0.27387885493253694,0.03997885820995063,35
llama_3_3_70b_v2_retry2,44,17,0.2731261738454927,0.01564897457053501,115
llama_3_3_70b_v2_retry2,165,18,0.27269250801245487,0.523272801230946,13
llama_3_3_70b_v2_retry2,308,17,0.2707254598133045,0.15291666666666665,24
llama_3_3_70b_v2_retry2,518,18,0.2703116151128595,0.409031339031339,12
llama_3_3_70b_v2_retry2,296,17,0.27022884724223073,0.25748905293861435,30
llama_3_3_70b_v2_retry2,301,19,0.2699965185845872,1.6580070546737213,6
llama_3_3_70b_v2_retry2,356,17,0.2696666162762666,0.15059466533904922,26
llama_3_3_70b_v2_retry2,408,18,0.269374809296326,1.456105243023135,24
llama_3_3_70b_v2_retry2,77,17,0.2687940981265897,0.004988427086351103,131
llama_3_3_70b_v2_retry2,361,17,0.2687660395540809,0.026440779930923124,42
llama_3_3_70b_v2_retry2,49,18,0.2682999404120811,0.03771067325419665,60
llama_3_3_70b_v2_retry2,77,18,0.26778914576666624,0.008707594591792324,153
llama_3_3_70b_v2_retry2,70,19,0.26490428166004765,0.05095451698344218,56
llama_3_3_70b_v2_retry2,322,18,0.26490238112873926,0.17192059146319524,34
llama_3_3_70b_v2_retry2,177,18,0.26449452202998674,0.1064884141199931,19
llama_3_3_70b_v2_retry2,51,17,0.26446573413463687,0.0029707634215200215,132
llama_3_3_70b_v2_retry2,740,19,0.2629213487953572,1.9047453703703703,6
llama_3_3_70b_v2_retry2,175,23,0.2625776298498131,1.4842325721711684,9
llama_3_3_70b_v2_retry2,31,18,0.261346216836532,1.645608403968987,73
llama_3_3_70b_v2_retry2,360,19,0.26102782639906563,0.1588871243283008,37
llama_3_3_70b_v2_retry2,73,18,0.2607910830315957,0.020692228147707693,69
llama_3_3_70b_v2_retry2,179,17,0.2597738223959323,0.07352443755279889,21
llama_3_3_70b_v2_retry2,163,17,0.25850443526338335,0.05563852027904316,30
llama_3_3_70b_v2_retry2,12,18,0.2575536651870997,0.01726168043143744,48
llama_3_3_70b_v2_retry2,179,21,0.25751755772771256,0.474209383493271,10
llama_3_3_70b_v2_retry2,387,18,0.25717583962895724,0.04026642142828146,45
llama_3_3_70b_v2_retry2,43,19,0.25717411903129733,0.09500067559382556,49
llama_3_3_70b_v2_retry2,43,23,0.2542352788752569,0.009413780663780673,11
llama_3_3_70b_v2_retry2,84,19,0.254218838017118,0.01988948130061755,100
llama_3_3_70b_v2_retry2,51,18,0.2539673519090668,0.001831720864979767,176
llama_3_3_70b_v2_retry2,333,18,0.2538103126658564,0.15573082010582007,24
llama_3_3_70b_v2_retry2,165,21,0.25158028599433635,0.008642623716153083,6
llama_3_3_70b_v2_retry2,355,18,0.25088509889624205,0.012215726742132789,122
llama_3_3_70b_v2_retry2,70,17,0.2504226298577511,0.0263943018421808,68
llama_3_3_70b_v2_retry2,740,18,0.2500262775947042,0.797722222222222,5
llama_3_3_70b_v2_retry2,249,19,0.24968789381043355,0.21005952380952378,8
llama_3_3_70b_v2_retry2,385,17,0.2496325076851949,0.07196183835502264,59
llama_3_3_70b_v2_retry2,41,17,0.24850802635488922,0.022724965950131057,154
llama_3_3_70b_v2_retry2,327,19,0.2480167601910136,0.030035871188733035,36
llama_3_3_70b_v2_retry2,32,18,0.2480039928817908,0.004086333067408778,104
llama_3_3_70b_v2_retry2,356,18,0.24785105869618795,0.13364476795010574,32
llama_3_3_70b_v2_retry2,920,17,0.24638836737951847,0.06127496589401546,36
llama_3_3_70b_v2_retry2,11,19,0.24602310177253878,0.00864338225876687,26
llama_3_3_70b_v2_retry2,83,18,0.24568109180308198,0.11945099956516365,36
llama_3_3_70b_v2_retry2,333,19,0.2449718833803972,0.20753510340949202,24
llama_3_3_70b_v2_retry2,41,18,0.2438507997853318,0.005087841310389183,205
llama_3_3_70b_v2_retry2,463,17,0.24351876459251162,0.010848677942298064,86
llama_3_3_70b_v2_retry2,360,17,0.2427974630946128,0.03632491051621486,35
llama_3_3_70b_v2_retry2,176,18,0.24168459291103805,0.08165795416183255,34
llama_3_3_70b_v2_retry2,385,18,0.24084630290340225,0.02104319154180647,76
llama_3_3_70b_v2_retry2,71,17,0.2407128995369605,0.17317957254569985,46
llama_3_3_70b_v2_retry2,175,18,0.24035920260753463,0.27621845827349784,27
llama_3_3_70b_v2_retry2,360,18,0.2399084898378712,0.03435075048529553,46
llama_3_3_70b_v2_retry2,323,17,0.23965626037126725,0.09940725832538697,18
llama_3_3_70b_v2_retry2,249,18,0.23952015091195572,0.9813762626262623,8
llama_3_3_70b_v2_retry2,168,19,0.23853376394810832,0.15291666666666667,8
llama_3_3_70b_v2_retry2,519,18,0.236976524845482,1.2436876497987608,15
llama_3_3_70b_v2_retry2,738,18,0.23640948104069232,0.15664244979930791,28
llama_3_3_70b_v2_retry2,82,17,0.23444487543503173,0.01026979482099683,74
llama_3_3_70b_v2_retry2,315,18,0.2326338037612307,0.00977445687564552,91
llama_3_3_70b_v2_retry2,390,18,0.23203513520070726,0.04375313739460232,44
llama_3_3_70b_v2_retry2,333,17,0.23001987026505186,0.6029581863609642,18
llama_3_3_70b_v2_retry2,959,17,0.22772024960259166,0.0700214315598931,26
llama_3_3_70b_v2_retry2,390,17,0.2276745759276001,0.10812871186659714,34
llama_3_3_70b_v2_retry2,906,17,0.22720405113516717,0.009182430815699659,96
llama_3_3_70b_v2_retry2,463,18,0.2255320978230632,0.008710625644331156,133
llama_3_3_70b_v2_retry2,187,18,0.22462724124409492,0.050299110384894645,12
llama_3_3_70b_v2_retry2,332,17,0.22319409489586486,0.08841032585340011,27
llama_3_3_70b_v2_retry2,84,17,0.2227955900353352,0.005151653870189323,74
llama_3_3_70b_v2_retry2,332,18,0.2226610714777808,0.07199878972292338,35
llama_3_3_70b_v2_retry2,707,17,0.22216719977158447,0.1851924637862138,16
llama_3_3_70b_v2_retry2,920,18,0.22164094290713235,0.0444992634921636,48
llama_3_3_70b_v2_retry2,177,17,0.2209869192337822,0.2768375837125837,24
llama_3_3_70b_v2_retry2,959,18,0.22010839286509185,0.03450779907922761,35
llama_3_3_70b_v2_retry2,350,18,0.2184573997678283,0.08116991278116596,34
llama_3_3_70b_v2_retry2,906,18,0.2173702262037197,0.007064562371752947,126
llama_3_3_70b_v2_retry2,84,18,0.21623257448476535,0.0020361501678476113,106
llama_3_3_70b_v2_retry2,521,18,0.2160737752108794,0.02473541585209992,58
llama_3_3_70b_v2_retry2,371,17,0.21568793593458777,0.12390472791926475,29
llama_3_3_70b_v2_retry2,142,17,0.2130657247715695,0.0139964717135265,17
llama_3_3_70b_v2_retry2,70,18,0.20593671405187652,0.013181984630138328,93
llama_3_3_70b_v2_retry2,81,18,0.20578807030641522,0.04641891951684624,36
llama_3_3_70b_v2_retry2,82,18,0.20422706189940168,0.011208238391922844,96
llama_3_3_70b_v2_retry2,355,17,0.20370898217809813,0.00823896923384101,89
llama_3_3_70b_v2_retry2,81,17,0.2016992512380958,0.03100535835741636,30
llama_3_3_70b_v2_retry2,83,17,0.19881313141469523,0.04541180279415573,30
llama_3_3_70b_v2_retry2,518,17,0.19454220989883603,1.2021829287270465,8
llama_3_3_70b_v2_retry2,165,17,0.19140411389718706,0.09598137973137973,10
llama_3_3_70b_v2_retry2,323,18,0.18733284878177336,0.17655033945845672,22
llama_3_3_70b_v2_retry2,707,18,0.18491580727160015,0.07010730036146735,23
llama_3_3_70b_v2_retry2,168,17,0.18340523859563249,0.04763888888888889,9
llama_3_3_70b_v2_retry2,11,17,0.18082109982195776,0.013764804167280927,19
llama_3_3_70b_v2_retry2,327,18,0.17641872973257872,0.04868384647306215,36
llama_3_3_70b_v2_retry2,43,17,0.17589657077480939,0.016410998888778464,49
llama_3_3_70b_v2_retry2,43,18,0.1699970374630607,0.01690617267423947,60
llama_3_3_70b_v2_retry2,327,17,0.16679552071802867,0.047809771247271225,26
