rank,prediction_source,cod_veiculo,pred_atraso_aproximado_min,real_atraso_aproximado_min,mean_abs_gap_pred_real,n_registros,n_dias
1,llama_3_3_70b_v2_retry2,9974,1.0424216435588094,11.725111111111111,10.682689467552303,10,1
2,llama_3_3_70b_v2_retry2,3333,0.8019525288493613,8.348875696063196,7.546923167213834,32,1
3,llama_3_3_70b_v2_retry2,7329,0.6224043191071609,6.728217871947394,6.1058135528402335,28,1
4,llama_3_3_70b_v2_retry2,9960,1.5317778886467968,6.048379629629629,4.516601740982832,12,1
5,llama_3_3_70b_v2_retry2,8447,1.1258593064478726,5.409475500806383,4.28361619435851,40,1
6,llama_3_3_70b_v2_retry2,3500,1.419246459611137,5.243154761904762,3.823908302293625,32,1
7,llama_3_3_70b_v2_retry2,2077,0.8357066376275302,4.3636130536130535,3.527906415985523,13,1
8,llama_3_3_70b_v2_retry2,10064,0.9108445644011748,4.328566666666667,3.4177221022654924,25,1
9,llama_3_3_70b_v2_retry2,2247,1.620399922546556,4.974553571428571,3.3541536488820154,28,1
10,llama_3_3_70b_v2_retry2,6362,0.6968433226196245,3.958401216330229,3.261557893710605,60,1
11,llama_3_3_70b_v2_retry2,9745,0.6696169444569815,3.9246579775502046,3.255041033093223,53,1
12,llama_3_3_70b_v2_retry2,11519,1.0217144202212167,4.183992408557626,3.162277988336409,46,1
13,llama_3_3_70b_v2_retry2,3027,0.797450457067352,3.80125816993464,3.003807712867288,17,1
14,llama_3_3_70b_v2_retry2,1407,1.1090312975268586,4.010517961570593,2.9014866640437345,19,1
15,llama_3_3_70b_v2_retry2,3356,1.117999261426433,3.922528414658044,2.804529153231611,54,1
16,llama_3_3_70b_v2_retry2,11574,1.2187605381172282,3.978979365079365,2.7602188269621366,25,1
17,llama_3_3_70b_v2_retry2,8605,0.9880172305756476,3.74596688034188,2.7579496497662324,26,1
18,llama_3_3_70b_v2_retry2,9822,0.5530479081813886,3.282470825698709,2.7294229175173204,47,1
19,llama_3_3_70b_v2_retry2,9658,1.1648189243549374,3.7985485164641175,2.63372959210918,46,1
20,llama_3_3_70b_v2_retry2,9283,1.1511755418251637,3.734883720930232,2.5837081791050682,43,1
21,llama_3_3_70b_v2_retry2,9929,1.2771070905573387,3.85096450617284,2.5738574156155014,36,1
22,llama_3_3_70b_v2_retry2,8478,1.6072725051760095,4.152266666666667,2.5449941614906573,25,1
23,llama_3_3_70b_v2_retry2,7693,0.8454921351118274,3.3153660769892945,2.4698739418774673,66,1
24,llama_3_3_70b_v2_retry2,4292,0.3273656726758104,2.770347067819816,2.4429813951440056,61,1
25,llama_3_3_70b_v2_retry2,11626,0.7574871693640385,3.176262325637325,2.4187751562732864,56,1
26,llama_3_3_70b_v2_retry2,9844,0.6281802228343347,3.04317708862794,2.414996865793605,37,1
27,llama_3_3_70b_v2_retry2,6419,0.7405930265062949,3.155327187693259,2.414734161186964,56,1
28,llama_3_3_70b_v2_retry2,1400,0.960564548633594,3.3325780423280422,2.3720134936944484,25,1
29,llama_3_3_70b_v2_retry2,7052,1.888611278751588,4.195833333333334,2.3072220545817457,10,1
30,llama_3_3_70b_v2_retry2,10376,0.6103726031227241,2.8376110279163616,2.2272384247936374,59,1
31,llama_3_3_70b_v2_retry2,1393,0.8765510991585947,3.052141464773044,2.175590365614449,19,1
32,llama_3_3_70b_v2_retry2,2856,0.955658706980942,3.0470768733850124,2.0914181664040705,43,1
33,llama_3_3_70b_v2_retry2,10198,1.0276000481891396,3.0625880574452,2.03498800925606,35,1
34,llama_3_3_70b_v2_retry2,11578,1.0653391880178398,3.022453703703704,1.957114515685864,12,1
35,llama_3_3_70b_v2_retry2,2522,0.5769240876309111,2.5200544131794134,1.9431303255485024,42,1
36,llama_3_3_70b_v2_retry2,1709,1.0251095795264795,2.9660197994437123,1.9409102199172328,46,1
37,llama_3_3_70b_v2_retry2,7656,1.6741437419917653,3.5995979986197377,1.9254542566279724,23,1
38,llama_3_3_70b_v2_retry2,10220,0.8817697276174479,2.770430822426437,1.888661094808989,24,1
39,llama_3_3_70b_v2_retry2,9632,0.8727187865966115,2.745577777777778,1.8728589911811666,25,1
40,llama_3_3_70b_v2_retry2,3025,0.5442243533641731,2.3413714232523666,1.7971470698881935,42,1
41,llama_3_3_70b_v2_retry2,3114,2.0259294923173585,0.2901891231324656,1.735740369184893,29,1
42,llama_3_3_70b_v2_retry2,10036,0.8274881474468695,2.5321500927643785,1.704661945317509,35,1
43,llama_3_3_70b_v2_retry2,9970,0.88562507880023,2.5638011695906435,1.6781760907904135,19,1
44,llama_3_3_70b_v2_retry2,5195,0.3072604856464464,1.9724489389773,1.6651884533308534,35,1
45,llama_3_3_70b_v2_retry2,9204,0.914368093847082,2.5754594017094017,1.6610913078623197,52,1
46,llama_3_3_70b_v2_retry2,3037,0.8000909979958073,2.449226791726792,1.6491357937309847,33,1
47,llama_3_3_70b_v2_retry2,1929,0.8183445315439566,2.4596923491617195,1.641347817617763,61,1
48,llama_3_3_70b_v2_retry2,2506,0.5127663655426705,2.1270547824688384,1.614288416926168,63,1
49,llama_3_3_70b_v2_retry2,862,1.3031597716093029,2.913635620915033,1.61047584930573,42,1
50,llama_3_3_70b_v2_retry2,1234,0.4733475000863436,2.073105238896906,1.5997577388105622,60,1
51,llama_3_3_70b_v2_retry2,2232,1.256870736717546,2.852383111773103,1.5955123750555569,48,1
52,llama_3_3_70b_v2_retry2,866,1.4682448149644014,3.007605311355311,1.5393604963909098,39,1
53,llama_3_3_70b_v2_retry2,6666,1.4629061131800447,2.980975650307547,1.5180695371275021,58,1
54,llama_3_3_70b_v2_retry2,2982,0.5848438759583651,2.097206352647174,1.5123624766888089,45,1
55,llama_3_3_70b_v2_retry2,7328,0.3002425851168265,1.7817850260301291,1.4815424409133027,37,1
56,llama_3_3_70b_v2_retry2,3842,1.0095257587299074,2.4874565972222222,1.4779308384923149,48,1
57,llama_3_3_70b_v2_retry2,10657,0.4764711059680142,1.951169109151462,1.4746980031834478,50,1
58,llama_3_3_70b_v2_retry2,8634,0.3425113409790306,1.8171566759910005,1.47464533501197,66,1
59,llama_3_3_70b_v2_retry2,11446,0.5586938895718511,2.021423571397898,1.4627296818260467,23,1
60,llama_3_3_70b_v2_retry2,2313,1.1408112769285492,2.571097222222222,1.4302859452936727,20,1
61,llama_3_3_70b_v2_retry2,4182,0.6820236615577058,2.094532239868818,1.4125085783111124,71,1
62,llama_3_3_70b_v2_retry2,2958,1.0695961325198986,2.4716181657848324,1.4020220332649338,54,1
63,llama_3_3_70b_v2_retry2,6012,0.7141815684333428,2.1069951287899995,1.3928135603566567,44,1
64,llama_3_3_70b_v2_retry2,6374,0.4733032646645346,1.8642091826316656,1.390905917967131,62,1
65,llama_3_3_70b_v2_retry2,1389,1.0691538293965108,2.450385802469136,1.381231973072625,18,1
66,llama_3_3_70b_v2_retry2,3348,0.5532916211627936,1.8766234514878188,1.3233318303250252,54,1
67,llama_3_3_70b_v2_retry2,1394,1.3036244594033086,2.6072538880872216,1.303629428683913,33,1
68,llama_3_3_70b_v2_retry2,9853,0.6894641507023357,1.9902913907080573,1.3008272400057215,27,1
69,llama_3_3_70b_v2_retry2,7545,0.6184809548143715,1.911887888364848,1.2934069335504765,41,1
70,llama_3_3_70b_v2_retry2,3357,1.2423674243346754,2.5222290903540903,1.2798616660194149,26,1
71,llama_3_3_70b_v2_retry2,11509,0.3925525092492574,1.659272637085137,1.2667201278358795,24,1
72,llama_3_3_70b_v2_retry2,4256,0.6891140009533288,1.9419300766283525,1.2528160756750237,29,1
73,llama_3_3_70b_v2_retry2,1697,0.6817450835661423,1.931087980949092,1.2493428973829497,27,1
74,llama_3_3_70b_v2_retry2,10254,1.1444938856476523,2.383347505668934,1.2388536200212816,42,1
75,llama_3_3_70b_v2_retry2,9643,0.9394991178952112,2.1611903977664846,1.2216912798712734,46,1
76,llama_3_3_70b_v2_retry2,1087,0.6922243344924595,1.8836942735626947,1.1914699390702352,38,1
77,llama_3_3_70b_v2_retry2,7369,1.1514968841226143,2.324965488453706,1.1734686043310918,60,1
78,llama_3_3_70b_v2_retry2,1985,0.6954473739463276,1.8653434608268464,1.1698960868805188,59,1
79,llama_3_3_70b_v2_retry2,9549,0.5799401636519109,1.7497718253968253,1.1698316617449143,28,1
80,llama_3_3_70b_v2_retry2,10895,2.2662300145638428,1.1108333333333331,1.1553966812305096,20,1
81,llama_3_3_70b_v2_retry2,249,0.7599113649648164,1.891180254930255,1.1312688899654386,44,1
82,llama_3_3_70b_v2_retry2,7054,0.4847002537010044,1.6006428293928294,1.115942575691825,22,1
83,llama_3_3_70b_v2_retry2,3889,0.9636627066663954,2.0713918757467145,1.107729169080319,31,1
84,llama_3_3_70b_v2_retry2,7961,1.73545360632484,2.8370519713261646,1.1015983650013246,31,1
85,llama_3_3_70b_v2_retry2,11592,0.3004465678470266,1.39855129714361,1.0981047292965833,38,1
86,llama_3_3_70b_v2_retry2,10878,1.4803162288145832,0.4003472222222222,1.079969006592361,12,1
87,llama_3_3_70b_v2_retry2,9949,0.430554926890536,1.4989783564231784,1.0684234295326425,31,1
88,llama_3_3_70b_v2_retry2,7957,2.0005935611055907,3.0626666666666664,1.0620731055610757,25,1
89,llama_3_3_70b_v2_retry2,8561,1.2960195802101164,2.353113799283154,1.0570942190730375,31,1
90,llama_3_3_70b_v2_retry2,1460,1.5922558162649998,2.6488770685579195,1.0566212522929197,47,1
91,llama_3_3_70b_v2_retry2,1788,0.815480904791868,1.8675252525252528,1.0520443477333847,33,1
92,llama_3_3_70b_v2_retry2,225,1.7477067968840996,0.6998225308641977,1.047884266019902,54,1
93,llama_3_3_70b_v2_retry2,9499,1.4300718524448188,2.4754487179487183,1.0453768655038995,26,1
94,llama_3_3_70b_v2_retry2,3191,0.6936124289155773,1.7367133989098211,1.043100969994244,51,1
95,llama_3_3_70b_v2_retry2,1706,0.9922967459189044,2.024261720191953,1.0319649742730483,43,1
96,llama_3_3_70b_v2_retry2,9836,0.2791484449109453,1.3028699906736532,1.0237215457627078,39,1
97,llama_3_3_70b_v2_retry2,9387,0.5503016064261737,1.5473157270571063,0.9970141206309326,29,1
98,llama_3_3_70b_v2_retry2,2086,0.8461255957451169,1.8206792717086837,0.9745536759635668,35,1
99,llama_3_3_70b_v2_retry2,11484,0.3712516414512113,1.335315911621059,0.9640642701698476,26,1
100,llama_3_3_70b_v2_retry2,10136,1.2591500881813225,0.298389694041868,0.9607603941394545,23,1
101,llama_3_3_70b_v2_retry2,1392,0.7710042191909301,1.7240575396825395,0.9530533204916094,14,1
102,llama_3_3_70b_v2_retry2,9837,1.1350477561242602,2.084767279253541,0.9497195231292808,34,1
103,llama_3_3_70b_v2_retry2,7666,1.1787413746032882,0.2302256944444444,0.9485156801588438,16,1
104,llama_3_3_70b_v2_retry2,2001,1.3552625943488272,0.4154228349297065,0.9398397594191208,58,1
105,llama_3_3_70b_v2_retry2,9813,0.7877275694502033,1.7218761728313616,0.9341486033811583,53,1
106,llama_3_3_70b_v2_retry2,4181,0.4907268325498799,1.4137387281935343,0.9230118956436544,41,1
107,llama_3_3_70b_v2_retry2,3075,0.6638684594371008,1.5828933351317072,0.9190248756946063,43,1
108,llama_3_3_70b_v2_retry2,3811,0.5923007132593201,1.5098555290231206,0.9175548157638005,53,1
109,llama_3_3_70b_v2_retry2,8632,1.2479584602609732,2.164264705882353,0.91630624562138,17,1
110,llama_3_3_70b_v2_retry2,263,0.6721925699889103,1.5719409937888198,0.8997484237999095,23,1
111,llama_3_3_70b_v2_retry2,713,1.418993750679872,2.313256629019129,0.8942628783392572,40,1
112,llama_3_3_70b_v2_retry2,10209,2.143986953221344,1.2633333333333332,0.8806536198880108,15,1
113,llama_3_3_70b_v2_retry2,199,1.2713717131044986,0.3940840342649554,0.8772876788395432,36,1
114,llama_3_3_70b_v2_retry2,2332,0.9115319803145392,0.0350462822537912,0.8764856980607479,63,1
115,llama_3_3_70b_v2_retry2,3214,0.7049851211811966,1.577531746031746,0.8725466248505493,25,1
116,llama_3_3_70b_v2_retry2,9777,1.7453284508244382,0.8781045751633987,0.8672238756610395,17,1
117,llama_3_3_70b_v2_retry2,8233,0.651265853703903,1.517687465790914,0.8664216120870111,29,1
118,llama_3_3_70b_v2_retry2,8840,1.2397877384113276,2.106205742360264,0.8664180039489364,67,1
119,llama_3_3_70b_v2_retry2,7958,1.0212701382975262,0.1649494520030234,0.8563206862945028,28,1
120,llama_3_3_70b_v2_retry2,8235,0.8571657769129697,0.0025858459951068,0.8545799309178629,63,1
121,llama_3_3_70b_v2_retry2,11074,0.4051760840154746,1.2590685884312005,0.853892504415726,24,1
122,llama_3_3_70b_v2_retry2,8484,1.2499300614506783,2.102767857142857,0.8528377956921789,28,1
123,llama_3_3_70b_v2_retry2,8560,1.1226234070844867,1.9718636363636364,0.8492402292791497,20,1
124,llama_3_3_70b_v2_retry2,10054,1.1154071911150631,0.2862962962962963,0.8291108948187669,12,1
125,llama_3_3_70b_v2_retry2,1930,0.568433628406066,1.3949047109633237,0.8264710825572577,33,1
126,llama_3_3_70b_v2_retry2,10623,0.5249697089944572,1.3512465392837298,0.8262768302892727,50,1
127,llama_3_3_70b_v2_retry2,2000,0.9181578604287738,0.0972803714913398,0.820877488937434,33,1
128,llama_3_3_70b_v2_retry2,10682,0.924798582896941,0.1042215558361391,0.8205770270608018,24,1
129,llama_3_3_70b_v2_retry2,5284,0.3445322749094526,1.1640028162074547,0.8194705412980021,28,1
130,llama_3_3_70b_v2_retry2,9904,0.8285763824442791,0.0108999554272867,0.8176764270169924,43,1
131,llama_3_3_70b_v2_retry2,3735,0.4491021352898771,1.264930529353109,0.8158283940632319,49,1
132,llama_3_3_70b_v2_retry2,726,0.9085660615239662,0.0975253921012849,0.8110406694226814,28,1
133,llama_3_3_70b_v2_retry2,7618,0.9706358807797932,1.7785389834736849,0.8079031026938917,67,1
134,llama_3_3_70b_v2_retry2,9879,0.7316414174716419,1.5329447268392289,0.801303309367587,56,1
135,llama_3_3_70b_v2_retry2,11485,0.5628737259509284,1.358770940791638,0.7958972148407095,27,1
136,llama_3_3_70b_v2_retry2,2550,1.0359416704613964,0.2441409435418652,0.7918007269195312,21,1
137,llama_3_3_70b_v2_retry2,253,0.8051978999275452,0.0213228990217521,0.7838750009057931,53,1
138,llama_3_3_70b_v2_retry2,4073,0.8515770069981606,0.0685136039528843,0.7830634030452763,58,1
139,llama_3_3_70b_v2_retry2,7960,0.907074772097682,0.1257117661879566,0.7813630059097254,21,1
140,llama_3_3_70b_v2_retry2,3890,0.5378732787663348,1.3190476802861062,0.7811744015197714,54,1
141,llama_3_3_70b_v2_retry2,3064,0.8008690047114128,0.0201793263777475,0.7806896783336652,42,1
142,llama_3_3_70b_v2_retry2,255,0.8000911741673508,0.0256766336424307,0.7744145405249201,50,1
143,llama_3_3_70b_v2_retry2,1428,0.8798143602984502,0.1057773210066303,0.7740370392918199,53,1
144,llama_3_3_70b_v2_retry2,4329,0.9573245321976546,0.1846967742439879,0.7726277579536667,33,1
145,llama_3_3_70b_v2_retry2,10270,0.9282698508286568,0.1572602455524656,0.7710096052761912,31,1
146,llama_3_3_70b_v2_retry2,10200,0.9891430772007984,1.7510405643738975,0.7618974871730991,36,1
147,llama_3_3_70b_v2_retry2,9460,1.317437164359703,0.555554262828853,0.7618829015308499,61,1
148,llama_3_3_70b_v2_retry2,10441,1.3476561577923132,0.5869304029304029,0.7607257548619103,65,1
149,llama_3_3_70b_v2_retry2,8176,0.8595309929945762,0.0994569652097164,0.7600740277848599,54,1
150,llama_3_3_70b_v2_retry2,10063,1.160916033395294,0.4120998677248677,0.7488161656704262,42,1
151,llama_3_3_70b_v2_retry2,1996,0.8272008185585208,0.0821650369701612,0.7450357815883596,35,1
152,llama_3_3_70b_v2_retry2,3074,1.4650622779143627,2.209690381377881,0.7446281034635183,40,1
153,llama_3_3_70b_v2_retry2,11569,0.625434290503215,1.3689459702496982,0.7435116797464832,60,1
154,llama_3_3_70b_v2_retry2,1995,0.8318111073501474,0.088660650028614,0.7431504573215334,34,1
155,llama_3_3_70b_v2_retry2,10272,1.053186561738138,0.3108704138551743,0.7423161478829636,36,1
156,llama_3_3_70b_v2_retry2,9216,0.8458325968697147,1.5880819549542586,0.742249358084544,61,1
157,llama_3_3_70b_v2_retry2,9766,0.8378360785073852,0.0963390718240894,0.7414970066832958,72,1
158,llama_3_3_70b_v2_retry2,9332,0.8152537581325997,1.5529740057709174,0.7377202476383177,50,1
159,llama_3_3_70b_v2_retry2,1463,0.7394666738549193,0.0036062402714369,0.7358604335834824,59,1
160,llama_3_3_70b_v2_retry2,9386,0.9409939962545651,0.2053008257174924,0.7356931705370727,21,1
161,llama_3_3_70b_v2_retry2,1117,0.8100188635528084,0.077398088023088,0.7326207755297204,22,1
162,llama_3_3_70b_v2_retry2,3211,0.9262729681323046,1.656695674695675,0.7304227065633703,65,1
163,llama_3_3_70b_v2_retry2,2241,0.7470453668270015,0.0178866801197734,0.7291586867072282,51,1
164,llama_3_3_70b_v2_retry2,7332,1.0989643200522117,1.825662456471268,0.7266981364190563,61,1
165,llama_3_3_70b_v2_retry2,1931,0.8510894188106538,1.5764548795431148,0.725365460732461,57,1
166,llama_3_3_70b_v2_retry2,2328,1.2414900453396245,1.964141414141414,0.7226513688017895,33,1
167,llama_3_3_70b_v2_retry2,2002,0.7741309940008239,0.0524804430470164,0.7216505509538075,36,1
168,llama_3_3_70b_v2_retry2,7965,0.7619013729599269,0.0425186383736221,0.7193827345863048,74,1
169,llama_3_3_70b_v2_retry2,2704,0.8831862775367905,1.6013712469304575,0.718184969393667,57,1
170,llama_3_3_70b_v2_retry2,1399,0.7691161876682381,0.0546649353731324,0.7144512522951056,70,1
171,llama_3_3_70b_v2_retry2,9765,0.5521322334004629,1.2598945101150985,0.7077622767146355,37,1
172,llama_3_3_70b_v2_retry2,11635,0.7496951956286257,0.0419969485077549,0.7076982471208708,61,1
173,llama_3_3_70b_v2_retry2,3861,1.3691520428244923,0.6729378870287962,0.6962141557956961,33,1
174,llama_3_3_70b_v2_retry2,10372,0.7929412642073259,0.0975508953546075,0.6953903688527184,57,1
175,llama_3_3_70b_v2_retry2,1993,0.866336736803223,0.1733168580729224,0.6930198787303006,44,1
176,llama_3_3_70b_v2_retry2,11423,0.4046989362250875,1.0938308913308912,0.6891319551058037,27,1
177,llama_3_3_70b_v2_retry2,1224,0.6911599386088593,0.0023177893941321,0.6888421492147272,33,1
178,llama_3_3_70b_v2_retry2,3809,0.3690040969474331,1.0552698252040358,0.6862657282566027,26,1
179,llama_3_3_70b_v2_retry2,10887,2.310014130251253,1.625520833333333,0.68449329691792,16,1
180,llama_3_3_70b_v2_retry2,10755,0.9741521302158967,0.2907061112957082,0.6834460189201885,54,1
181,llama_3_3_70b_v2_retry2,1707,0.8696037550473926,1.551176258382141,0.6815725033347483,32,1
182,llama_3_3_70b_v2_retry2,1974,0.8349241908214656,1.5153822751322752,0.6804580843108096,30,1
183,llama_3_3_70b_v2_retry2,7690,1.081048177767068,0.412588808250573,0.668459369516495,34,1
184,llama_3_3_70b_v2_retry2,11668,1.3923215660849453,0.7239787581699346,0.6683428079150107,51,1
185,llama_3_3_70b_v2_retry2,8578,0.7729742069035829,0.10508319149427,0.6678910154093128,69,1
186,llama_3_3_70b_v2_retry2,10809,0.4210674546264039,1.0877539891670327,0.6666865345406288,23,1
187,llama_3_3_70b_v2_retry2,9826,1.0192148224558113,1.6831188698580002,0.6639040474021889,23,1
188,llama_3_3_70b_v2_retry2,10779,0.7767681789547802,0.1148166358817481,0.6619515430730322,64,1
189,llama_3_3_70b_v2_retry2,3224,0.6229425800620104,1.2835417575149717,0.6605991774529613,28,1
190,llama_3_3_70b_v2_retry2,9910,0.8520172371069028,0.1920001199422639,0.660017117164639,38,1
191,llama_3_3_70b_v2_retry2,9357,0.9399032952974956,0.2820749780232539,0.6578283172742417,29,1
192,llama_3_3_70b_v2_retry2,3903,0.7436698750387192,0.0876624953980489,0.6560073796406702,40,1
193,llama_3_3_70b_v2_retry2,10403,0.7337134941256256,0.0786746172187019,0.6550388769069236,47,1
194,llama_3_3_70b_v2_retry2,3743,0.4288826123873736,1.0813995601643338,0.6525169477769602,36,1
195,llama_3_3_70b_v2_retry2,7815,0.666279318288162,0.0157659288042761,0.6505133894838859,61,1
196,llama_3_3_70b_v2_retry2,2846,0.7702205868270573,0.1213447650345151,0.6488758217925422,39,1
197,llama_3_3_70b_v2_retry2,6276,1.1922295060296946,1.8409722222222225,0.6487427161925279,38,1
198,llama_3_3_70b_v2_retry2,3026,0.8861673472248562,1.5341807644110277,0.6480134171861714,38,1
199,llama_3_3_70b_v2_retry2,2959,0.9146354862301186,0.2676020716496907,0.647033414580428,21,1
200,llama_3_3_70b_v2_retry2,1411,1.2986295548581068,1.94238067680776,0.6437511219496532,48,1
201,llama_3_3_70b_v2_retry2,2314,0.7256034067433841,0.0848128322631528,0.6407905744802312,39,1
202,llama_3_3_70b_v2_retry2,3390,1.290840290320439,0.6500853355398809,0.6407549547805581,33,1
203,llama_3_3_70b_v2_retry2,1999,0.7986415400993419,0.157985197028362,0.6406563430709799,35,1
204,llama_3_3_70b_v2_retry2,723,0.2854949352882264,0.9215088353237744,0.636013900035548,41,1
205,llama_3_3_70b_v2_retry2,1691,0.8767065028566273,0.2412813018726008,0.6354252009840266,48,1
206,llama_3_3_70b_v2_retry2,1970,0.8614910070938515,0.2303477691748005,0.631143237919051,71,1
207,llama_3_3_70b_v2_retry2,10405,0.6580742699550514,0.0326399872585352,0.6254342826965161,58,1
208,llama_3_3_70b_v2_retry2,1989,0.7590663879917732,0.1348664388594944,0.6241999491322787,36,1
209,llama_3_3_70b_v2_retry2,11534,0.3770304691989171,1.0003120966896724,0.6232816274907553,29,1
210,llama_3_3_70b_v2_retry2,3479,0.7230401195649111,0.1005249526712267,0.6225151668936844,26,1
211,llama_3_3_70b_v2_retry2,10407,0.6412267396956244,0.0193409798399953,0.6218857598556291,42,1
212,llama_3_3_70b_v2_retry2,10356,0.4120246769738635,1.0335073908617145,0.6214827138878509,28,1
213,llama_3_3_70b_v2_retry2,6008,0.553557995398077,1.171263728624971,0.6177057332268939,35,1
214,llama_3_3_70b_v2_retry2,7959,0.7586558620605895,0.1424087602212602,0.6162471018393294,24,1
215,llama_3_3_70b_v2_retry2,10653,0.3586019664913295,0.973026479423192,0.6144245129318624,32,1
216,llama_3_3_70b_v2_retry2,1710,0.8919567166294364,0.281576091225214,0.6103806254042224,57,1
217,llama_3_3_70b_v2_retry2,3902,0.7345906299625706,0.1249727231747641,0.6096179067878065,32,1
218,llama_3_3_70b_v2_retry2,1861,0.6948416432133576,0.087220945941184,0.6076206972721736,42,1
219,llama_3_3_70b_v2_retry2,164,0.7838414905971584,0.1793894439522622,0.6044520466448962,62,1
220,llama_3_3_70b_v2_retry2,11410,1.2419270234762412,0.6396567702927353,0.6022702531835059,57,1
221,llama_3_3_70b_v2_retry2,10252,1.0624999717270704,1.6646695997239471,0.6021696279968767,23,1
222,llama_3_3_70b_v2_retry2,200,1.1780994340957252,0.5766001716001716,0.6014992624955535,37,1
223,llama_3_3_70b_v2_retry2,243,0.6243937385319678,0.0243360111946812,0.6000577273372866,61,1
224,llama_3_3_70b_v2_retry2,3024,0.812117551435061,0.2135477292768959,0.5985698221581651,36,1
225,llama_3_3_70b_v2_retry2,2246,1.6219233437319365,2.220081254724112,0.5981579109921755,28,1
226,llama_3_3_70b_v2_retry2,9594,1.1504308034175077,0.5562186198356411,0.5942121835818666,47,1
227,llama_3_3_70b_v2_retry2,10768,0.7146352441537901,0.1226164126684989,0.5920188314852912,56,1
228,llama_3_3_70b_v2_retry2,8974,0.7602925054135372,0.1734684568469398,0.5868240485665974,37,1
229,llama_3_3_70b_v2_retry2,2962,0.8961342817461877,0.3097457880813143,0.5863884936648733,50,1
230,llama_3_3_70b_v2_retry2,3693,0.6064388615633348,0.0220818238633086,0.5843570377000262,30,1
231,llama_3_3_70b_v2_retry2,3739,0.6333965031864088,0.0492147438325001,0.5841817593539087,52,1
232,llama_3_3_70b_v2_retry2,9477,0.4297681654089962,1.0121526940350174,0.5823845286260212,43,1
233,llama_3_3_70b_v2_retry2,3877,0.6129031028311143,0.0307227309042655,0.5821803719268488,47,1
234,llama_3_3_70b_v2_retry2,3071,0.3470607245070475,0.9290133073719882,0.5819525828649407,48,1
235,llama_3_3_70b_v2_retry2,167,0.9239857992179512,0.3439870263481374,0.5799987728698138,27,1
236,llama_3_3_70b_v2_retry2,2777,0.8279812230388013,0.2490675822643225,0.5789136407744788,58,1
237,llama_3_3_70b_v2_retry2,2868,0.9152701578136996,0.3404711089388509,0.5747990488748487,18,1
238,llama_3_3_70b_v2_retry2,2329,0.6599861886234157,0.0873335537918871,0.5726526348315286,42,1
239,llama_3_3_70b_v2_retry2,11614,0.6340300477453837,0.0620890740168233,0.5719409737285605,16,1
240,llama_3_3_70b_v2_retry2,8236,0.6511632799763789,0.079395421251212,0.5717678587251669,45,1
241,llama_3_3_70b_v2_retry2,1696,0.5945549220379682,0.0228110990184789,0.5717438230194893,64,1
242,llama_3_3_70b_v2_retry2,9205,0.8899054058093846,1.4612536954915003,0.5713482896821157,41,1
243,llama_3_3_70b_v2_retry2,1459,0.472389832475881,1.0400365276953498,0.5676466952194688,44,1
244,llama_3_3_70b_v2_retry2,3023,0.8716251034214476,0.3059343434343434,0.5656907599871042,22,1
245,llama_3_3_70b_v2_retry2,8635,0.5915887945634404,0.0260499973147812,0.5655387972486592,51,1
246,llama_3_3_70b_v2_retry2,9683,0.7817715187513603,0.216262158440306,0.5655093603110544,39,1
247,llama_3_3_70b_v2_retry2,3364,0.6708023160542432,0.1058912751783065,0.5649110408759367,38,1
248,llama_3_3_70b_v2_retry2,9906,0.5657424548971685,0.0008949317405636,0.5648475231566048,17,1
249,llama_3_3_70b_v2_retry2,1858,0.9660497887637304,0.4012132793587711,0.5648365094049592,61,1
250,llama_3_3_70b_v2_retry2,226,0.8651959394864509,1.429981467334409,0.564785527847958,51,1
251,llama_3_3_70b_v2_retry2,10723,0.6033810840729374,0.0397177564183339,0.5636633276546036,19,1
252,llama_3_3_70b_v2_retry2,9588,0.6258528562219549,1.1882550804777094,0.5624022242557546,70,1
253,llama_3_3_70b_v2_retry2,11409,0.9242924052143136,0.3619148892195767,0.5623775159947368,32,1
254,llama_3_3_70b_v2_retry2,2880,0.8585713309195296,0.2977167516982331,0.5608545792212966,27,1
255,llama_3_3_70b_v2_retry2,2961,0.943532113193122,1.5037564865689863,0.5602243733758643,52,1
256,llama_3_3_70b_v2_retry2,10726,0.8513960420989949,0.2955567842307837,0.5558392578682112,47,1
257,llama_3_3_70b_v2_retry2,8582,0.5831187955524417,0.0275560354788524,0.5555627600735893,37,1
258,llama_3_3_70b_v2_retry2,2330,0.7274369292490717,0.1733385441718775,0.5540983850771941,45,1
259,llama_3_3_70b_v2_retry2,2230,0.6714202159843059,0.1178040155653101,0.5536162004189958,27,1
260,llama_3_3_70b_v2_retry2,9863,1.3113201866425916,0.7592592592592592,0.5520609273833325,48,1
261,llama_3_3_70b_v2_retry2,7334,0.6012431263257179,1.1527152152152151,0.5514720888894973,37,1
262,llama_3_3_70b_v2_retry2,3744,0.5921198221115965,0.0410450150502551,0.5510748070613414,43,1
263,llama_3_3_70b_v2_retry2,9533,0.590095504200177,0.0403670073998572,0.5497284968003198,74,1
264,llama_3_3_70b_v2_retry2,3019,1.1689698553285572,0.619530932030932,0.5494389232976252,39,1
265,llama_3_3_70b_v2_retry2,4432,0.6347640404744331,0.0868722145014937,0.5478918259729394,29,1
266,llama_3_3_70b_v2_retry2,11620,0.5181005776518585,1.065010432181846,0.5469098545299876,31,1
267,llama_3_3_70b_v2_retry2,214,0.6927622058538907,0.1465330698503775,0.5462291360035132,26,1
268,llama_3_3_70b_v2_retry2,7006,0.5286165739485992,1.074485804599441,0.5458692306508418,22,1
269,llama_3_3_70b_v2_retry2,3881,0.6461073056029049,0.1031652125139299,0.542942093088975,64,1
270,llama_3_3_70b_v2_retry2,9233,0.6380161009335928,0.0951265862165196,0.5428895147170733,62,1
271,llama_3_3_70b_v2_retry2,10366,0.6253171738990319,0.0832424003845072,0.5420747735145246,49,1
272,llama_3_3_70b_v2_retry2,3334,0.5832790069020768,1.1246302933177934,0.5413512864157166,40,1
273,llama_3_3_70b_v2_retry2,1713,0.5903458079711817,0.0530384615384615,0.5373073464327203,30,1
274,llama_3_3_70b_v2_retry2,8597,0.5506442684692752,0.0140437249348494,0.5366005435344258,45,1
275,llama_3_3_70b_v2_retry2,1409,1.4256669652464573,1.9595268157768155,0.5338598505303582,44,1
276,llama_3_3_70b_v2_retry2,7813,0.883415230678919,1.416680194805195,0.533264964126276,44,1
277,llama_3_3_70b_v2_retry2,3109,1.2268302303046592,0.6940272938443669,0.5328029364602923,41,1
278,llama_3_3_70b_v2_retry2,7952,1.0407307636920666,1.572883597883598,0.5321528341915314,21,1
279,llama_3_3_70b_v2_retry2,9869,1.0447574108894129,0.5132706117974881,0.5314867990919248,29,1
280,llama_3_3_70b_v2_retry2,2700,0.7926325315264356,1.3230529501362835,0.5304204186098479,33,1
281,llama_3_3_70b_v2_retry2,7694,0.5373744178907539,0.0075543575752327,0.5298200603155212,26,1
282,llama_3_3_70b_v2_retry2,3207,0.5859046839182016,0.0562858513702869,0.5296188325479148,34,1
283,llama_3_3_70b_v2_retry2,9200,0.9680345609708702,1.4974375472411183,0.5294029862702482,70,1
284,llama_3_3_70b_v2_retry2,9860,1.1985719253397216,1.72796696197859,0.5293950366388684,43,1
285,llama_3_3_70b_v2_retry2,1992,0.7302887543655232,0.201253344751127,0.5290354096143962,40,1
286,llama_3_3_70b_v2_retry2,8579,1.349075134046409,0.8210648148148149,0.5280103192315942,12,1
287,llama_3_3_70b_v2_retry2,3740,0.5429134940160101,0.0176635411340041,0.5252499528820059,28,1
288,llama_3_3_70b_v2_retry2,10730,0.5366303970316418,0.0120845375129649,0.5245458595186769,16,1
289,llama_3_3_70b_v2_retry2,4435,0.580030341926399,0.0584342324690088,0.5215961094573902,33,1
290,llama_3_3_70b_v2_retry2,10752,0.7418370994367047,0.2216072025381802,0.5202298968985245,67,1
291,llama_3_3_70b_v2_retry2,10437,0.5359684308177465,0.018914802625205,0.5170536281925415,55,1
292,llama_3_3_70b_v2_retry2,10024,0.6166938783743013,0.1004379747936768,0.5162559035806246,18,1
293,llama_3_3_70b_v2_retry2,10244,0.5381041442455908,0.0218837535841475,0.5162203906614433,22,1
294,llama_3_3_70b_v2_retry2,10646,1.281324689856388,1.7971726190476187,0.5158479291912308,28,1
295,llama_3_3_70b_v2_retry2,10258,0.5232018728734457,0.0085996039017458,0.5146022689716998,65,1
296,llama_3_3_70b_v2_retry2,256,0.737694785496974,0.2239641306997548,0.5137306547972191,37,1
297,llama_3_3_70b_v2_retry2,10453,1.2157221417871864,0.7047132616487455,0.5110088801384409,62,1
298,llama_3_3_70b_v2_retry2,11445,0.5333742745832002,0.023467253899377,0.5099070206838232,37,1
299,llama_3_3_70b_v2_retry2,252,0.6687013687440709,0.1601601965829213,0.5085411721611497,53,1
300,llama_3_3_70b_v2_retry2,9223,0.5174146296390102,0.0109725039392161,0.5064421256997941,26,1
301,llama_3_3_70b_v2_retry2,984,0.5430383157826554,0.0379307322419799,0.5051075835406755,56,1
302,llama_3_3_70b_v2_retry2,8574,0.6295675889607505,0.1264871348681271,0.5030804540926234,38,1
303,llama_3_3_70b_v2_retry2,236,0.5318838294139973,0.0292733625887502,0.502610466825247,26,1
304,llama_3_3_70b_v2_retry2,7621,0.8967293194428578,0.3961545135460275,0.5005748058968303,61,1
305,llama_3_3_70b_v2_retry2,11632,0.5139132343607354,0.0136029440221793,0.5003102903385561,26,1
306,llama_3_3_70b_v2_retry2,9532,0.5298849253859955,0.029642523648623,0.5002424017373726,77,1
307,llama_3_3_70b_v2_retry2,9871,0.9780304855487856,0.4779128906464547,0.5001175949023309,34,1
308,llama_3_3_70b_v2_retry2,2881,0.8643072845375034,1.363424387738904,0.4991171032014007,31,1
309,llama_3_3_70b_v2_retry2,1686,0.5380825937256372,0.0390198382053358,0.4990627555203014,64,1
310,llama_3_3_70b_v2_retry2,4153,0.5144464618294503,0.0155647026760692,0.4988817591533811,46,1
311,llama_3_3_70b_v2_retry2,3738,0.5289477169192465,0.0301917644659065,0.49875595245334,43,1
312,llama_3_3_70b_v2_retry2,10732,0.558609133939729,0.0600449199260823,0.4985642140136467,22,1
313,llama_3_3_70b_v2_retry2,10734,0.5129508721637057,0.0149805604750108,0.49797031168869493,14,1
314,llama_3_3_70b_v2_retry2,4075,0.5190838775806205,0.0216754101520893,0.4974084674285312,37,1
315,llama_3_3_70b_v2_retry2,9764,1.0405940926612838,0.5433400135743885,0.49725407908689523,48,1
316,llama_3_3_70b_v2_retry2,8530,1.3416971460350475,1.8380386961965909,0.49634155016154335,57,1
317,llama_3_3_70b_v2_retry2,9855,1.5248521387831473,1.029911601010739,0.4949405377724083,58,1
318,llama_3_3_70b_v2_retry2,7847,0.9371650590737663,0.442523935500126,0.4946411235736404,63,1
319,llama_3_3_70b_v2_retry2,8596,0.5142047208944105,0.0195701366092431,0.4946345842851674,39,1
320,llama_3_3_70b_v2_retry2,11644,0.5096093134030614,0.0151200924283205,0.49448922097474085,30,1
321,llama_3_3_70b_v2_retry2,9172,0.6065126705412756,0.114355397688731,0.49215727285254457,21,1
322,llama_3_3_70b_v2_retry2,11650,0.5345584408468694,0.0427029667310997,0.49185547411576974,42,1
323,llama_3_3_70b_v2_retry2,210,0.5732483859157973,0.0818602267988453,0.491388159116952,45,1
324,llama_3_3_70b_v2_retry2,8587,0.5057628779591123,0.0146134448100421,0.4911494331490702,64,1
325,llama_3_3_70b_v2_retry2,8973,0.727274984992722,0.2382485415818748,0.4890264434108472,18,1
326,llama_3_3_70b_v2_retry2,8746,0.5273833380253713,0.0385926132808545,0.4887907247445168,69,1
327,llama_3_3_70b_v2_retry2,216,0.698086804910836,0.2095586498488284,0.48852815506200753,28,1
328,llama_3_3_70b_v2_retry2,8588,0.4983219276071268,0.0130886906021808,0.48523323700494597,35,1
329,llama_3_3_70b_v2_retry2,10475,1.3155337154545308,1.800408496732026,0.48487478127749517,17,1
330,llama_3_3_70b_v2_retry2,1086,0.5572888283814266,0.0726091542202653,0.48467967416116126,30,1
331,llama_3_3_70b_v2_retry2,10687,0.3662958066687575,0.850671886812615,0.48437608014385747,54,1
332,llama_3_3_70b_v2_retry2,3742,0.5109247263972099,0.0268044090161158,0.48412031738109407,56,1
333,llama_3_3_70b_v2_retry2,9234,0.5142698371809317,0.0310528045033696,0.48321703267756205,60,1
334,llama_3_3_70b_v2_retry2,3875,0.6573772708537643,0.175367627284914,0.4820096435688503,56,1
335,llama_3_3_70b_v2_retry2,1676,0.3914017590759792,0.8733427393514709,0.4819409802754917,32,1
336,llama_3_3_70b_v2_retry2,1695,0.5236629084458568,0.0423179048165778,0.481345003629279,37,1
337,llama_3_3_70b_v2_retry2,11549,0.6713297881487275,0.1906721341282235,0.480657654020504,45,1
338,llama_3_3_70b_v2_retry2,8790,0.7776854253711519,0.2971791633319994,0.48050626203915253,28,1
339,llama_3_3_70b_v2_retry2,1997,0.7606033137992497,0.2803974981338757,0.480205815665374,53,1
340,llama_3_3_70b_v2_retry2,4434,0.5017771692244104,0.0238989077337505,0.47787826149065993,37,1
341,llama_3_3_70b_v2_retry2,10091,0.3815288828686194,0.8577373110158198,0.47620842814720044,24,1
342,llama_3_3_70b_v2_retry2,11615,0.517056403445757,0.0409894179894179,0.4760669854563391,18,1
343,llama_3_3_70b_v2_retry2,3880,0.4959637787308452,0.0199797084582806,0.47598407027256456,51,1
344,llama_3_3_70b_v2_retry2,9230,0.5055709405786905,0.0304801259619507,0.47509081461673974,75,1
345,llama_3_3_70b_v2_retry2,4074,0.5045039789295296,0.0301157565497399,0.47438822237978967,36,1
346,llama_3_3_70b_v2_retry2,3011,0.4858787085548845,0.0119294084953251,0.47394930005955943,48,1
347,llama_3_3_70b_v2_retry2,11118,0.8916337307389428,0.4176886793401671,0.4739450513987757,62,1
348,llama_3_3_70b_v2_retry2,11646,0.6066959699333665,0.1331308170724304,0.4735651528609361,60,1
349,llama_3_3_70b_v2_retry2,1976,0.5194013933435148,0.0464725833912634,0.47292880995225134,63,1
350,llama_3_3_70b_v2_retry2,2509,0.5183467144114838,0.0454729763194195,0.47287373809206434,43,1
351,llama_3_3_70b_v2_retry2,1244,0.4806554554569694,0.0083231520914046,0.4723323033655648,59,1
352,llama_3_3_70b_v2_retry2,1789,0.7573189378339937,0.2851420454545454,0.4721768923794483,20,1
353,llama_3_3_70b_v2_retry2,2707,0.3881605458739835,0.8584758803885754,0.47031533451459184,52,1
354,llama_3_3_70b_v2_retry2,9623,0.6883576709074302,0.2184308058435965,0.46992686506383363,43,1
355,llama_3_3_70b_v2_retry2,1410,1.191551317023401,1.6602472899728995,0.4686959729494986,41,1
356,llama_3_3_70b_v2_retry2,11554,0.8257736598926606,1.2941477103977104,0.46837405050504977,37,1
357,llama_3_3_70b_v2_retry2,9330,0.5550918579131848,0.0876304738554729,0.4674613840577119,31,1
358,llama_3_3_70b_v2_retry2,1391,1.5576262521193762,1.0903075396825397,0.46731871243683654,28,1
359,llama_3_3_70b_v2_retry2,194,0.8344778936575555,0.3672221535078678,0.46725574014968774,35,1
360,llama_3_3_70b_v2_retry2,11591,0.487377970694941,0.0211329474804885,0.4662450232144525,40,1
361,llama_3_3_70b_v2_retry2,165,0.6077078412784854,0.1429797931904243,0.4647280480880611,24,1
362,llama_3_3_70b_v2_retry2,9858,0.986000098970964,1.4495303461970128,0.46353024722604885,45,1
363,llama_3_3_70b_v2_retry2,265,1.0994905994985142,1.5617198581560283,0.4622292586575141,47,1
364,llama_3_3_70b_v2_retry2,1870,0.9015122852413252,0.4394704403340767,0.46204184490724853,55,1
365,llama_3_3_70b_v2_retry2,7967,0.5912716752213237,1.053193900073627,0.4619222248523033,42,1
366,llama_3_3_70b_v2_retry2,3067,0.6011246541060966,0.1394777210953681,0.4616469330107285,37,1
367,llama_3_3_70b_v2_retry2,212,0.5692646594183665,0.1081263816694677,0.46113827774889876,28,1
368,llama_3_3_70b_v2_retry2,197,1.0830500514428347,0.6236604409899864,0.4593896104528483,33,1
369,llama_3_3_70b_v2_retry2,9514,0.8333126871651232,1.2916205018939393,0.4583078147288161,32,1
370,llama_3_3_70b_v2_retry2,2071,0.5225070122098584,0.0643609531617021,0.4581460590481563,30,1
371,llama_3_3_70b_v2_retry2,10197,1.0315868797267205,0.5740238758183405,0.45756300390838,58,1
372,llama_3_3_70b_v2_retry2,215,0.5657387361757297,0.1081784038401685,0.45756033233556115,26,1
373,llama_3_3_70b_v2_retry2,1225,0.464382122999769,0.0071367843589403,0.4572453386408287,30,1
374,llama_3_3_70b_v2_retry2,10799,0.6190246976103286,0.1625762546520239,0.4564484429583047,33,1
375,llama_3_3_70b_v2_retry2,9708,0.5964547605977022,0.1409967603466644,0.4554580002510378,64,1
376,llama_3_3_70b_v2_retry2,11515,0.480289232284866,0.0257045944412217,0.4545846378436443,35,1
377,llama_3_3_70b_v2_retry2,3480,0.4729451364907243,0.0185666040943587,0.4543785323963656,47,1
378,llama_3_3_70b_v2_retry2,3041,0.4610002096629287,0.0069287247460935,0.4540714849168352,64,1
379,llama_3_3_70b_v2_retry2,1854,0.5033246097302028,0.0497567295457588,0.45356788018444394,58,1
380,llama_3_3_70b_v2_retry2,3897,0.4652093444748058,0.0133739203168834,0.4518354241579224,33,1
381,llama_3_3_70b_v2_retry2,7617,0.5673200817462001,0.1156435058123511,0.45167657593384897,27,1
382,llama_3_3_70b_v2_retry2,5437,0.5206187485261755,0.0690549349883691,0.4515638135378064,46,1
383,llama_3_3_70b_v2_retry2,9219,0.6599902837828203,0.2085338032338032,0.4514564805490171,25,1
384,llama_3_3_70b_v2_retry2,1987,0.6361899519217358,0.1849927234032365,0.4511972285184993,47,1
385,llama_3_3_70b_v2_retry2,160,0.6446794316336236,0.1950168936002269,0.44966253803339673,60,1
386,llama_3_3_70b_v2_retry2,238,0.4847370776464735,0.0359855119011,0.4487515657453735,66,1
387,llama_3_3_70b_v2_retry2,11648,0.6762199330885466,0.2287405694108732,0.4474793636776734,63,1
388,llama_3_3_70b_v2_retry2,10426,0.5154324003164388,0.0690058736023285,0.44642652671411026,59,1
389,llama_3_3_70b_v2_retry2,3038,0.506788147504223,0.0606407418936864,0.44614740561053656,52,1
390,llama_3_3_70b_v2_retry2,10180,0.4848539555167295,0.0390232040236106,0.4458307514931189,48,1
391,llama_3_3_70b_v2_retry2,213,0.4905889455179825,0.0451728223467353,0.4454161231712472,23,1
392,llama_3_3_70b_v2_retry2,9534,0.4561247605836538,0.0109352091511671,0.44518955143248673,44,1
393,llama_3_3_70b_v2_retry2,201,0.8560868884260863,0.4115215121136173,0.44456537631246895,38,1
394,llama_3_3_70b_v2_retry2,11566,0.5483544872021037,0.1039415169950779,0.44441297020702575,44,1
395,llama_3_3_70b_v2_retry2,10727,0.5006473596703916,0.0563976025854759,0.44424975708491576,19,1
396,llama_3_3_70b_v2_retry2,2305,0.4534462013477544,0.0092160377374745,0.4442301636102799,73,1
397,llama_3_3_70b_v2_retry2,8637,0.4779194579635476,0.0343357335444322,0.4435837244191154,69,1
398,llama_3_3_70b_v2_retry2,7133,0.5081589286580884,0.0646828515557035,0.4434760771023849,59,1
399,llama_3_3_70b_v2_retry2,11594,0.5013642744001231,0.0583825657844195,0.44298170861570363,69,1
400,llama_3_3_70b_v2_retry2,9478,0.4527385468226511,0.0111758149635297,0.44156273185912137,42,1
401,llama_3_3_70b_v2_retry2,11633,0.633125016491502,0.1918911878641556,0.4412338286273464,61,1
402,llama_3_3_70b_v2_retry2,2864,0.3798449587765566,0.8194217939701135,0.4395768351935569,28,1
403,llama_3_3_70b_v2_retry2,6940,0.5759817461292693,0.1367326151517328,0.43924913097753654,18,1
404,llama_3_3_70b_v2_retry2,10776,0.5412774904531934,0.1024338148867428,0.4388436755664506,23,1
405,llama_3_3_70b_v2_retry2,7574,0.4553673083072197,0.0171421924015694,0.43822511590565033,61,1
406,llama_3_3_70b_v2_retry2,235,0.4390096451429059,0.0017443922826234,0.4372652528602825,43,1
407,llama_3_3_70b_v2_retry2,9512,1.0847859739648202,0.6476022091762833,0.43718376478853693,27,1
408,llama_3_3_70b_v2_retry2,1233,0.4423927576105457,0.0061077244271095,0.4362850331834362,50,1
409,llama_3_3_70b_v2_retry2,3650,0.735232273041699,0.2999948148210646,0.4352374582206344,68,1
410,llama_3_3_70b_v2_retry2,1684,0.9485511936050642,0.5135166467006089,0.4350345469044553,53,1
411,llama_3_3_70b_v2_retry2,9235,0.4927171263913774,0.0580138811636512,0.4347032452277262,31,1
412,llama_3_3_70b_v2_retry2,10235,0.7711478831992573,0.3374256685767842,0.4337222146224731,29,1
413,llama_3_3_70b_v2_retry2,8740,0.8324166293048323,0.3992204034391535,0.4331962258656788,56,1
414,llama_3_3_70b_v2_retry2,10750,0.5788227783637863,0.1456371848244838,0.43318559353930247,42,1
415,llama_3_3_70b_v2_retry2,9660,0.4608451880261228,0.0292381193437643,0.4316070686823585,67,1
416,llama_3_3_70b_v2_retry2,8829,0.6787612296833191,0.2480518671143671,0.430709362568952,52,1
417,llama_3_3_70b_v2_retry2,10401,0.5413594039068107,0.1112958846534621,0.4300635192533486,28,1
418,llama_3_3_70b_v2_retry2,1231,0.5619337604532529,0.1325373564125549,0.429396404040698,34,1
419,llama_3_3_70b_v2_retry2,722,0.4574767322673366,0.0283713258214069,0.4291054064459297,51,1
420,llama_3_3_70b_v2_retry2,10925,0.4559154310580037,0.0276571733292508,0.4282582577287529,61,1
421,llama_3_3_70b_v2_retry2,10090,0.4514926302911263,0.0232758213665239,0.4282168089246024,18,1
422,llama_3_3_70b_v2_retry2,1229,0.4564636274777172,0.0287974894885013,0.4276661379892159,30,1
423,llama_3_3_70b_v2_retry2,8231,0.4345549307570202,0.0071811691415362,0.42737376161548396,63,1
424,llama_3_3_70b_v2_retry2,3118,0.433190575745364,0.0061802808679205,0.4270102948774435,57,1
425,llama_3_3_70b_v2_retry2,10253,0.5266754123786911,0.1007268351868018,0.4259485771918893,52,1
426,llama_3_3_70b_v2_retry2,1721,0.4558050412399291,0.0306177559438674,0.4251872852960617,45,1
427,llama_3_3_70b_v2_retry2,11660,0.4397959324980585,0.0153584243777216,0.42443750812033687,14,1
428,llama_3_3_70b_v2_retry2,10279,0.5723763871902702,0.9962707497528926,0.4238943625626225,42,1
429,llama_3_3_70b_v2_retry2,10259,0.4260667721979055,0.0024126094077859,0.4236541627901196,33,1
430,llama_3_3_70b_v2_retry2,3052,0.4258456007972735,0.0022015823871162,0.4236440184101573,65,1
431,llama_3_3_70b_v2_retry2,9938,0.6466165345056224,0.2239965298804472,0.42262000462517524,47,1
432,llama_3_3_70b_v2_retry2,3312,0.4899684195698581,0.0676946247367183,0.42227379483313976,63,1
433,llama_3_3_70b_v2_retry2,3209,0.4257474387329158,0.0048803079779045,0.4208671307550113,24,1
434,llama_3_3_70b_v2_retry2,11595,0.451726317561326,0.0309571981502304,0.42076911941109557,65,1
435,llama_3_3_70b_v2_retry2,9735,0.7842140180704377,0.3636407621517915,0.4205732559186462,72,1
436,llama_3_3_70b_v2_retry2,733,0.4793817397063823,0.0592188668396651,0.4201628728667172,28,1
437,llama_3_3_70b_v2_retry2,2006,0.4857293781381176,0.0668228380258479,0.4189065401122697,79,1
438,llama_3_3_70b_v2_retry2,5782,0.4940385381728582,0.9121151698439502,0.41807663167109205,32,1
439,llama_3_3_70b_v2_retry2,10184,0.4310310074185519,0.0129822897386787,0.41804871767987317,29,1
440,llama_3_3_70b_v2_retry2,11570,0.5870959071877994,1.005015379715561,0.4179194725277616,60,1
441,llama_3_3_70b_v2_retry2,3299,0.4951159150347356,0.077450190786418,0.4176657242483176,35,1
442,llama_3_3_70b_v2_retry2,8745,0.4609106237675435,0.0434176750229483,0.4174929487445952,63,1
443,llama_3_3_70b_v2_retry2,1402,0.9944793640438816,0.5776343795093795,0.41684498453450214,44,1
444,llama_3_3_70b_v2_retry2,11647,0.5187025672114731,0.1019217961177,0.4167807710937731,36,1
445,llama_3_3_70b_v2_retry2,9502,0.7341616817303348,0.3197850803374059,0.4143766013929289,43,1
446,llama_3_3_70b_v2_retry2,10733,0.6495436209864511,0.2356565751436398,0.41388704584281133,26,1
447,llama_3_3_70b_v2_retry2,8593,0.5132651564526776,0.1003963626925868,0.4128687937600908,44,1
448,llama_3_3_70b_v2_retry2,983,1.2497125545320893,0.8371326445964127,0.4125799099356766,69,1
449,llama_3_3_70b_v2_retry2,10194,0.4654738643481349,0.0534595034595034,0.4120143608886315,18,1
450,llama_3_3_70b_v2_retry2,2764,0.7984883170388208,0.3864874909919571,0.4120008260468637,50,1
451,llama_3_3_70b_v2_retry2,6703,0.4823240179533969,0.070446397930524,0.4118776200228729,36,1
452,llama_3_3_70b_v2_retry2,2949,0.4260439640961505,0.0144933030533586,0.41155066104279187,59,1
453,llama_3_3_70b_v2_retry2,3066,0.4401266396168607,0.029104211300462,0.41102242831639874,66,1
454,llama_3_3_70b_v2_retry2,10466,0.7524856922060015,0.3421388241388241,0.41034686806717735,12,1
455,llama_3_3_70b_v2_retry2,10238,0.4149522686751701,0.0060628409848267,0.4088894276903434,30,1
456,llama_3_3_70b_v2_retry2,2876,0.6995284854847018,0.2907195031131201,0.4088089823715817,47,1
457,llama_3_3_70b_v2_retry2,3240,0.4160380394880736,0.0074814566095762,0.4085565828784974,25,1
458,llama_3_3_70b_v2_retry2,3212,1.0162901717160044,1.4248015873015871,0.4085114155855827,32,1
459,llama_3_3_70b_v2_retry2,8594,0.6264277204330937,0.2181046503307658,0.40832307010232793,53,1
460,llama_3_3_70b_v2_retry2,8171,0.4441347221746959,0.0364372920774434,0.4076974300972525,40,1
461,llama_3_3_70b_v2_retry2,3557,0.4153626753071528,0.0078735841322947,0.4074890911748581,23,1
462,llama_3_3_70b_v2_retry2,732,0.5565641577535628,0.1496146514161219,0.4069495063374409,25,1
463,llama_3_3_70b_v2_retry2,6994,0.9716200039077412,0.56484375,0.4067762539077412,16,1
464,llama_3_3_70b_v2_retry2,11625,0.7308840799598169,0.324342973811059,0.4065411061487579,47,1
465,llama_3_3_70b_v2_retry2,9236,0.4369032835290358,0.0309610345686734,0.4059422489603624,61,1
466,llama_3_3_70b_v2_retry2,2074,0.4146841178065791,0.0091838642097721,0.405500253596807,42,1
467,llama_3_3_70b_v2_retry2,6665,0.5654055611932273,0.9694107476344316,0.4040051864412043,57,1
468,llama_3_3_70b_v2_retry2,1855,0.7556269219618013,0.3521441598524932,0.40348276210930806,33,1
469,llama_3_3_70b_v2_retry2,10563,0.5543788360720056,0.1513028974993261,0.4030759385726794,35,1
470,llama_3_3_70b_v2_retry2,10239,0.4514801075984188,0.0488328358172465,0.40264727178117227,38,1
471,llama_3_3_70b_v2_retry2,2875,0.5155907307365521,0.1130051127033885,0.4025856180331636,29,1
472,llama_3_3_70b_v2_retry2,1705,1.0446012562574556,1.4471147486772489,0.4025134924197933,60,1
473,llama_3_3_70b_v2_retry2,10913,0.473513292033419,0.0710908852899095,0.4024224067435095,27,1
474,llama_3_3_70b_v2_retry2,6941,0.6440132402974149,1.0444179894179897,0.4004047491205748,21,1
475,llama_3_3_70b_v2_retry2,11506,0.4284703901332196,0.0284274353311529,0.4000429548020667,21,1
476,llama_3_3_70b_v2_retry2,2236,0.5839029610347832,0.1838817198022566,0.40002124123252664,53,1
477,llama_3_3_70b_v2_retry2,2787,0.4015913418874779,0.0020590743050141,0.3995322675824638,70,1
478,llama_3_3_70b_v2_retry2,1990,1.0735680466696846,0.6740535714285714,0.3995144752411133,40,1
479,llama_3_3_70b_v2_retry2,1702,0.5622143170482058,0.961237373737374,0.39902305668916815,11,1
480,llama_3_3_70b_v2_retry2,11621,0.4354975533048643,0.036621257095395,0.3988762962094693,29,1
481,llama_3_3_70b_v2_retry2,9215,0.9233443225960468,1.3220914190245583,0.39874709642851147,43,1
482,llama_3_3_70b_v2_retry2,8167,0.8874531532414065,0.4890185173506551,0.3984346358907514,41,1
483,llama_3_3_70b_v2_retry2,7954,0.9584098088657738,0.5600963463463464,0.39831346251942734,37,1
484,llama_3_3_70b_v2_retry2,1297,0.4007285989651407,0.0026966782932684,0.39803192067187226,62,1
485,llama_3_3_70b_v2_retry2,11649,0.4285438747932278,0.0306260226411945,0.3979178521520333,30,1
486,llama_3_3_70b_v2_retry2,4040,0.4931403432247863,0.0954742003639062,0.3976661428608801,34,1
487,llama_3_3_70b_v2_retry2,9953,0.3465671991430613,0.744072719090226,0.3975055199471647,14,1
488,llama_3_3_70b_v2_retry2,3304,0.4074712972682497,0.0100993026711113,0.3973719945971384,32,1
489,llama_3_3_70b_v2_retry2,9520,0.4678822403833647,0.0707389285658442,0.3971433118175205,40,1
490,llama_3_3_70b_v2_retry2,7695,0.4380946396871738,0.0412515059822523,0.3968431337049215,27,1
491,llama_3_3_70b_v2_retry2,9626,0.6846647195971918,1.0808838383838384,0.3962191187866466,33,1
492,llama_3_3_70b_v2_retry2,3896,0.4259851268699799,0.0298188085866469,0.39616631828333304,67,1
493,llama_3_3_70b_v2_retry2,9935,0.4495270906239263,0.0537860227601584,0.39574106786376795,24,1
494,llama_3_3_70b_v2_retry2,3216,0.578196664432596,0.1825196249828602,0.39567703944973576,34,1
495,llama_3_3_70b_v2_retry2,11651,0.456840337059669,0.0617339322293619,0.39510640483030707,35,1
496,llama_3_3_70b_v2_retry2,9964,0.5720078032178184,0.9667012761923044,0.394693472974486,63,1
497,llama_3_3_70b_v2_retry2,1255,0.4030701516721272,0.0088739118569072,0.39419623981521995,56,1
498,llama_3_3_70b_v2_retry2,1405,0.8482105369879199,1.242402060114826,0.3941915231269061,47,1
499,llama_3_3_70b_v2_retry2,2007,0.5790146906911087,0.1851793819371842,0.3938353087539245,65,1
500,llama_3_3_70b_v2_retry2,4131,0.5256655386725917,0.9179202327892124,0.39225469411662073,52,1
501,llama_3_3_70b_v2_retry2,10731,0.6721001361471987,0.2800639353590499,0.39203620078814877,27,1
502,llama_3_3_70b_v2_retry2,1223,0.527358422210107,0.1353852286822615,0.3919731935278455,36,1
503,llama_3_3_70b_v2_retry2,9473,0.4280356577997238,0.0367382480481484,0.3912974097515754,23,1
504,llama_3_3_70b_v2_retry2,1932,0.4209318159232204,0.0303488327660247,0.3905829831571957,44,1
505,llama_3_3_70b_v2_retry2,7955,0.7015126341087261,0.3109704392031978,0.39054219490552833,58,1
506,llama_3_3_70b_v2_retry2,11634,0.5917436694061272,0.2014444894127246,0.3902991799934026,63,1
507,llama_3_3_70b_v2_retry2,9217,0.7520386495941123,1.1422496220710503,0.39021097247693803,42,1
508,llama_3_3_70b_v2_retry2,6658,0.4759636187476584,0.0858048937535895,0.3901587249940689,48,1
509,llama_3_3_70b_v2_retry2,3113,0.398708428555992,0.0086194743007399,0.3900889542552521,53,1
510,llama_3_3_70b_v2_retry2,6980,0.6691786378375567,1.0587991307634164,0.38962049292585965,14,1
511,llama_3_3_70b_v2_retry2,10728,0.6972316729706743,0.3076799223070028,0.38955175066367154,54,1
512,llama_3_3_70b_v2_retry2,2209,0.5481808662660559,0.1588290346877993,0.3893518315782566,42,1
513,llama_3_3_70b_v2_retry2,3526,0.4205609469060878,0.0313903297837602,0.3891706171223276,62,1
514,llama_3_3_70b_v2_retry2,11564,0.3953830815214014,0.0063342788262032,0.3890488026951982,46,1
515,llama_3_3_70b_v2_retry2,2073,0.4414278379245226,0.052787639668762,0.3886401982557606,36,1
516,llama_3_3_70b_v2_retry2,1853,0.5380141105394708,0.1497184573770634,0.3882956531624074,28,1
517,llama_3_3_70b_v2_retry2,7953,1.3491209476348,1.737017543859649,0.38789659622484884,19,1
518,llama_3_3_70b_v2_retry2,9344,0.6419278241055699,1.0291224061065332,0.38719458200096324,63,1
519,llama_3_3_70b_v2_retry2,9769,0.7585173944536786,0.3724444881717608,0.3860729062819178,55,1
520,llama_3_3_70b_v2_retry2,2763,0.4420779874387655,0.0562650783073023,0.38581290913146316,63,1
521,llama_3_3_70b_v2_retry2,9940,0.4102852372272577,0.0255233959295859,0.38476184129767177,62,1
522,llama_3_3_70b_v2_retry2,2855,0.4148096753865561,0.0302178124905397,0.38459186289601643,33,1
523,llama_3_3_70b_v2_retry2,1723,0.4244535392606134,0.0401858779106581,0.3842676613499553,68,1
524,llama_3_3_70b_v2_retry2,1254,0.3864498677979337,0.0021896764047609,0.3842601913931728,49,1
525,llama_3_3_70b_v2_retry2,9501,0.9163306857942646,1.3000833333333333,0.3837526475390687,20,1
526,llama_3_3_70b_v2_retry2,9220,0.649063116967313,1.0327300785634117,0.3836669615960987,27,1
527,llama_3_3_70b_v2_retry2,2072,0.4023242200613526,0.0189644943384115,0.3833597257229411,45,1
528,llama_3_3_70b_v2_retry2,10246,0.4043501506412935,0.0212796653571772,0.3830704852841163,59,1
529,llama_3_3_70b_v2_retry2,7559,1.0483846487442268,1.4310360526639596,0.38265140391973285,43,1
530,llama_3_3_70b_v2_retry2,11507,0.5491829592584422,0.166775804785064,0.38240715447337814,27,1
531,llama_3_3_70b_v2_retry2,10135,0.4870418914560654,0.1048135887613833,0.3822283026946821,30,1
532,llama_3_3_70b_v2_retry2,11559,0.4243118147059382,0.0426739043172474,0.3816379103886908,63,1
533,llama_3_3_70b_v2_retry2,7956,0.9608961516906952,0.5794294662309368,0.38146668545975837,34,1
534,llama_3_3_70b_v2_retry2,1677,0.4837242661252606,0.8650418029264184,0.3813175368011578,39,1
535,llama_3_3_70b_v2_retry2,3518,0.3924513451750493,0.0112127700388583,0.381238575136191,21,1
536,llama_3_3_70b_v2_retry2,1975,0.4507188660842602,0.0698314603210317,0.3808874057632285,72,1
537,llama_3_3_70b_v2_retry2,2308,0.99720423349848,0.6165430938457255,0.3806611396527545,38,1
538,llama_3_3_70b_v2_retry2,10236,0.4566749961080376,0.0764242874004483,0.38025070870758926,30,1
539,llama_3_3_70b_v2_retry2,2312,1.001088075128714,0.6209629629629629,0.38012511216575096,15,1
540,llama_3_3_70b_v2_retry2,9628,0.9826386007653228,1.3627628324056895,0.3801242316403667,49,1
541,llama_3_3_70b_v2_retry2,10564,0.4576000122021043,0.0780396825396825,0.37956032966242176,30,1
542,llama_3_3_70b_v2_retry2,10351,0.4282674616902799,0.0501486422191924,0.3781188194710875,18,1
543,llama_3_3_70b_v2_retry2,3331,0.4522379895373408,0.829688935648688,0.37745094611134716,38,1
544,llama_3_3_70b_v2_retry2,11553,0.52185365654971,0.1448928571428571,0.37696079940685295,20,1
545,llama_3_3_70b_v2_retry2,4433,0.420321959483606,0.0434781947855677,0.3768437646980383,41,1
546,llama_3_3_70b_v2_retry2,4317,0.384093012863797,0.0072511736367926,0.37684183922700437,48,1
547,llama_3_3_70b_v2_retry2,8575,0.4775780510326843,0.1012120187399133,0.376366032292771,69,1
548,llama_3_3_70b_v2_retry2,1088,0.4799695861018204,0.1036483610046828,0.3763212250971376,29,1
549,llama_3_3_70b_v2_retry2,11645,0.541175312841032,0.1655637203893823,0.37561159245164977,33,1
550,llama_3_3_70b_v2_retry2,246,0.3840865506519305,0.0086234757562569,0.3754630748956736,37,1
551,llama_3_3_70b_v2_retry2,2075,0.4433293619585823,0.0689885299715839,0.3743408319869984,47,1
552,llama_3_3_70b_v2_retry2,10193,1.6538209652478928,1.279675768420008,0.37414519682788483,21,1
553,llama_3_3_70b_v2_retry2,3879,0.3775948006569998,0.0035359028671514,0.3740588977898484,32,1
554,llama_3_3_70b_v2_retry2,7723,0.730519796795614,0.35671875,0.373801046795614,16,1
555,llama_3_3_70b_v2_retry2,2331,0.3755247433977136,0.0017845349859861,0.3737402084117275,75,1
556,llama_3_3_70b_v2_retry2,7573,0.4371389318178162,0.0638401782025885,0.3732987536152277,57,1
557,llama_3_3_70b_v2_retry2,3737,0.418059777423513,0.0447719067498072,0.37328787067370583,38,1
558,llama_3_3_70b_v2_retry2,10188,0.37700368314238,0.0038196349400344,0.3731840482023456,47,1
559,llama_3_3_70b_v2_retry2,6929,0.3818603851274128,0.0087420118895448,0.373118373237868,23,1
560,llama_3_3_70b_v2_retry2,11505,0.4847411643271873,0.1127362238263773,0.37200494050081,23,1
561,llama_3_3_70b_v2_retry2,1089,0.5658182860616856,0.1939524395928716,0.37186584646881404,54,1
562,llama_3_3_70b_v2_retry2,10247,0.512893504477802,0.8844792902645974,0.37158578578679535,59,1
563,llama_3_3_70b_v2_retry2,11076,0.4886997941986072,0.1173500209085471,0.37134977329006014,31,1
564,llama_3_3_70b_v2_retry2,709,1.0047281312424114,0.6335996891634147,0.37112844207899676,51,1
565,llama_3_3_70b_v2_retry2,1226,0.401650184896568,0.0318610767082403,0.3697891081883277,38,1
566,llama_3_3_70b_v2_retry2,261,0.3818378350065833,0.0122287254276022,0.3696091095789811,30,1
567,llama_3_3_70b_v2_retry2,11054,0.3940035711892609,0.0245880176897978,0.3694155534994631,12,1
568,llama_3_3_70b_v2_retry2,10446,0.7803825653640223,0.4117366121532788,0.3686459532107435,36,1
569,llama_3_3_70b_v2_retry2,9778,0.4113793700028108,0.0427989549380849,0.3685804150647259,37,1
570,llama_3_3_70b_v2_retry2,5287,0.664353422993375,0.2961786572013845,0.3681747657919905,22,1
571,llama_3_3_70b_v2_retry2,10373,0.3713233000696762,0.0033924540970113,0.3679308459726649,49,1
572,llama_3_3_70b_v2_retry2,8638,0.419696239347188,0.0522966513547804,0.36739958799240763,40,1
573,llama_3_3_70b_v2_retry2,10402,0.7248290601177972,0.3578226857546339,0.36700637436316336,54,1
574,llama_3_3_70b_v2_retry2,11643,0.3819669316561996,0.0163875852640237,0.36557934639217593,68,1
575,llama_3_3_70b_v2_retry2,9936,0.6507837619114011,0.2856401851727482,0.3651435767386529,42,1
576,llama_3_3_70b_v2_retry2,11411,1.064369149907078,0.6996012901688453,0.36476785973823267,32,1
577,llama_3_3_70b_v2_retry2,2508,0.6523070384074082,0.2875723030798219,0.3647347353275863,70,1
578,llama_3_3_70b_v2_retry2,11654,0.4250285732275432,0.0603351974144596,0.36469337581308364,24,1
579,llama_3_3_70b_v2_retry2,1986,0.7691110054082665,0.4044366856591121,0.3646743197491544,68,1
580,llama_3_3_70b_v2_retry2,11637,0.3745664680854024,0.0103310469729636,0.3642354211124388,36,1
581,llama_3_3_70b_v2_retry2,10443,0.3673426459561232,0.0037075400991263,0.3636351058569969,55,1
582,llama_3_3_70b_v2_retry2,9590,0.3728132275519112,0.0093054923765814,0.3635077351753298,47,1
583,llama_3_3_70b_v2_retry2,2237,0.3912437997772162,0.0279359909015669,0.3633078088756493,65,1
584,llama_3_3_70b_v2_retry2,7619,0.4352651529437745,0.7983267013570045,0.36306154841322996,33,1
585,llama_3_3_70b_v2_retry2,1480,0.4307777492415203,0.0682853679649264,0.3624923812765939,48,1
586,llama_3_3_70b_v2_retry2,9324,0.4859148595453758,0.123443914432415,0.3624709451129608,56,1
587,llama_3_3_70b_v2_retry2,10778,0.4024489656437383,0.0401209928424323,0.36232797280130596,48,1
588,llama_3_3_70b_v2_retry2,859,0.5294813284435373,0.1672870502680992,0.36219427817543814,60,1
589,llama_3_3_70b_v2_retry2,9226,0.5873789520882293,0.2253336764600269,0.36204527562820243,61,1
590,llama_3_3_70b_v2_retry2,7134,0.3658531511227332,0.0046757765960217,0.3611773745267115,37,1
591,llama_3_3_70b_v2_retry2,8848,0.9567127908841548,0.5959383804026661,0.3607744104814887,70,1
592,llama_3_3_70b_v2_retry2,10377,0.3742742283979831,0.0136961167920557,0.3605781116059274,38,1
593,llama_3_3_70b_v2_retry2,3265,0.376647962552598,0.0161210304891091,0.3605269320634889,26,1
594,llama_3_3_70b_v2_retry2,196,0.8286427124835392,0.4681581021858799,0.36048461029765927,27,1
595,llama_3_3_70b_v2_retry2,11492,0.4151888082567767,0.0553653885533317,0.359823419703445,23,1
596,llama_3_3_70b_v2_retry2,6112,0.3724452578620966,0.012806976391626,0.3596382814704706,28,1
597,llama_3_3_70b_v2_retry2,10190,0.3646683392170537,0.0055822712939796,0.3590860679230741,38,1
598,llama_3_3_70b_v2_retry2,8172,0.369541556513623,0.0105345852400137,0.3590069712736093,53,1
599,llama_3_3_70b_v2_retry2,9531,0.4055308866568855,0.0469074510892877,0.35862343556759785,53,1
600,llama_3_3_70b_v2_retry2,10688,0.4230232709301286,0.065078666098206,0.3579446048319226,56,1
601,llama_3_3_70b_v2_retry2,11565,0.4027927510745446,0.0449297693263938,0.3578629817481508,28,1
602,llama_3_3_70b_v2_retry2,8793,0.4050749660803265,0.0482255549248667,0.3568494111554598,36,1
603,llama_3_3_70b_v2_retry2,10885,0.5109867245655765,0.1545447205611125,0.356442004004464,62,1
604,llama_3_3_70b_v2_retry2,1251,0.3997172768734398,0.0435725339200407,0.3561447429533991,63,1
605,llama_3_3_70b_v2_retry2,217,0.6168162176214368,0.2609693825430225,0.3558468350784143,35,1
606,llama_3_3_70b_v2_retry2,11665,0.5186712326987868,0.1630815441739956,0.3555896885247912,76,1
607,llama_3_3_70b_v2_retry2,3305,0.3924179329339018,0.0375844697137389,0.3548334632201629,50,1
608,llama_3_3_70b_v2_retry2,8844,0.331095090438873,0.6847785424119247,0.35368345197305173,46,1
609,llama_3_3_70b_v2_retry2,4287,1.0124894392918202,0.6594054232804233,0.35308401601139694,30,1
610,llama_3_3_70b_v2_retry2,1395,0.9738932815143436,0.6210989524878414,0.3527943290265022,27,1
611,llama_3_3_70b_v2_retry2,3053,0.4020425866004344,0.0494545990858327,0.3525879875146017,36,1
612,llama_3_3_70b_v2_retry2,3692,0.8994427376763714,0.5468928571428571,0.3525498805335143,40,1
613,llama_3_3_70b_v2_retry2,7055,0.6072358245849517,0.2555456349206349,0.3516901896643168,34,1
614,llama_3_3_70b_v2_retry2,2950,0.7568775771013458,0.4055758334442489,0.35130174365709693,39,1
615,llama_3_3_70b_v2_retry2,6590,0.2446040223611947,0.595717893217893,0.3511138708566983,16,1
616,llama_3_3_70b_v2_retry2,10915,0.423164048398423,0.0722472789559862,0.35091676944243677,14,1
617,llama_3_3_70b_v2_retry2,10929,0.3961436860785977,0.0455575588908922,0.3505861271877055,15,1
618,llama_3_3_70b_v2_retry2,9648,0.8434911252144025,0.4930000506316296,0.3504910745827729,56,1
619,llama_3_3_70b_v2_retry2,1285,0.3678801591656819,0.0173904296713709,0.350489729494311,78,1
620,llama_3_3_70b_v2_retry2,8081,0.3595045377312212,0.0090591281991872,0.350445409532034,64,1
621,llama_3_3_70b_v2_retry2,208,0.3782319454619159,0.0281703647901823,0.3500615806717336,60,1
622,llama_3_3_70b_v2_retry2,4330,0.4399765319795965,0.0902047696133772,0.3497717623662193,46,1
623,llama_3_3_70b_v2_retry2,10735,0.4569629495660382,0.1073110946973172,0.349651854868721,43,1
624,llama_3_3_70b_v2_retry2,9767,0.4982073504663347,0.1488645476274356,0.34934280283889907,40,1
625,llama_3_3_70b_v2_retry2,1296,0.3514462476807871,0.0021689154556546,0.34927733222513246,58,1
626,llama_3_3_70b_v2_retry2,11510,0.5258751361501308,0.1773432648562857,0.3485318712938451,24,1
627,llama_3_3_70b_v2_retry2,8238,0.3519842754158482,0.0038838269321731,0.3481004484836751,53,1
628,llama_3_3_70b_v2_retry2,9661,0.4724656288642886,0.1249885129961285,0.3474771158681601,63,1
629,llama_3_3_70b_v2_retry2,1693,0.3677909605245898,0.0208281799780663,0.3469627805465235,52,1
630,llama_3_3_70b_v2_retry2,4447,0.5180858448733149,0.1711682386216135,0.34691760625170137,35,1
631,llama_3_3_70b_v2_retry2,10758,0.5216613157526288,0.1752176265346938,0.34644368921793495,31,1
632,llama_3_3_70b_v2_retry2,2310,0.8743555621197298,0.5283505023782802,0.34600505974144957,54,1
633,llama_3_3_70b_v2_retry2,6677,0.3552704083016436,0.0095211622601546,0.345749246041489,38,1
634,llama_3_3_70b_v2_retry2,3365,0.4082365473617039,0.0636677117883055,0.3445688355733984,70,1
635,llama_3_3_70b_v2_retry2,10763,0.3788542317340652,0.0345043097927713,0.3443499219412939,13,1
636,llama_3_3_70b_v2_retry2,11655,0.4239301553668959,0.0797528586552601,0.34417729671163577,23,1
637,llama_3_3_70b_v2_retry2,9210,1.1367875519142034,0.7926621572871573,0.34412539462704617,40,1
638,llama_3_3_70b_v2_retry2,10621,0.9101633737592476,0.5661580911734222,0.3440052825858254,26,1
639,llama_3_3_70b_v2_retry2,1718,0.3629821313951571,0.0193097646702806,0.3436723667248765,44,1
640,llama_3_3_70b_v2_retry2,1725,0.3732631463484374,0.0301373498091289,0.34312579653930847,39,1
641,llama_3_3_70b_v2_retry2,8744,0.5303829381214926,0.1875122304827356,0.34287070763875704,59,1
642,llama_3_3_70b_v2_retry2,11123,0.8113621841890016,0.4687175787175787,0.34264460547142295,39,1
643,llama_3_3_70b_v2_retry2,3206,0.4167524542867717,0.0748304750526597,0.341921979234112,48,1
644,llama_3_3_70b_v2_retry2,11501,0.3736934563524524,0.0317885034782382,0.3419049528742142,17,1
645,llama_3_3_70b_v2_retry2,4316,0.3483471514698347,0.0064492410376292,0.3418979104322055,50,1
646,llama_3_3_70b_v2_retry2,7057,0.3502914753925174,0.008579733582126,0.34171174181039143,32,1
647,llama_3_3_70b_v2_retry2,6659,0.4028101559523859,0.0613418419479734,0.34146831400441247,63,1
648,llama_3_3_70b_v2_retry2,715,1.3968313728879034,1.7379484208509632,0.34111704796305986,59,1
649,llama_3_3_70b_v2_retry2,1724,0.3742048735845559,0.0335010085310247,0.3407038650535312,38,1
650,llama_3_3_70b_v2_retry2,1294,0.3424830963647813,0.0018487363689097,0.3406343599958716,67,1
651,llama_3_3_70b_v2_retry2,6681,0.4113656595092845,0.0708056613460336,0.3405599981632509,57,1
652,llama_3_3_70b_v2_retry2,5473,0.4176252316497071,0.7579516193176276,0.34032638766792045,37,1
653,llama_3_3_70b_v2_retry2,8742,0.3515275060187824,0.0116458168765997,0.3398816891421827,22,1
654,llama_3_3_70b_v2_retry2,10256,0.3721280555136852,0.0326976188322293,0.3394304366814559,68,1
655,llama_3_3_70b_v2_retry2,7658,0.4403303152611756,0.7796815589989933,0.33935124373781766,32,1
656,llama_3_3_70b_v2_retry2,7659,0.680715144504242,1.0200389643036702,0.3393238197994283,34,1
657,llama_3_3_70b_v2_retry2,10599,0.3469406784340677,0.0084192733789508,0.33852140505511685,15,1
658,llama_3_3_70b_v2_retry2,11577,1.0508365966964424,0.7129074074074073,0.33792918928903504,45,1
659,llama_3_3_70b_v2_retry2,10242,0.3634146129414614,0.0256660703075043,0.3377485426339571,37,1
660,llama_3_3_70b_v2_retry2,10187,0.4221451817120181,0.0851467593553003,0.3369984223567178,44,1
661,llama_3_3_70b_v2_retry2,10689,0.4604591040334865,0.124407922544242,0.3360511814892445,65,1
662,llama_3_3_70b_v2_retry2,3302,0.3563666741985599,0.0204249002029868,0.33594177399557307,66,1
663,llama_3_3_70b_v2_retry2,11563,0.3528745826066155,0.0170324228832851,0.33584215972333037,72,1
664,llama_3_3_70b_v2_retry2,2227,0.4411330349268375,0.1055820549563548,0.33555097997048267,44,1
665,llama_3_3_70b_v2_retry2,9845,0.3846572808171978,0.0491788100757507,0.3354784707414471,71,1
666,llama_3_3_70b_v2_retry2,11642,0.3466953901753912,0.012300620581567,0.3343947695938242,46,1
667,llama_3_3_70b_v2_retry2,710,0.4290821059464242,0.0947308971222014,0.3343512088242228,23,1
668,llama_3_3_70b_v2_retry2,166,0.3935614797101094,0.0596065833740903,0.3339548963360191,21,1
669,llama_3_3_70b_v2_retry2,2863,0.3787236601628481,0.0451722143933209,0.33355144576952717,42,1
670,llama_3_3_70b_v2_retry2,11557,0.3443102207098545,0.0107916024353597,0.3335186182744948,42,1
671,llama_3_3_70b_v2_retry2,10927,0.4811730970623872,0.147939539865813,0.3332335571965742,32,1
672,llama_3_3_70b_v2_retry2,3471,0.474359704840894,0.8072272727272728,0.3328675678863788,25,1
673,llama_3_3_70b_v2_retry2,1250,0.3346619477054945,0.0019714665303676,0.3326904811751269,61,1
674,llama_3_3_70b_v2_retry2,2790,0.3340354656675918,0.0017472563717761,0.3322882092958157,69,1
675,llama_3_3_70b_v2_retry2,2780,0.3385968640261402,0.0065070956157573,0.3320897684103829,40,1
676,llama_3_3_70b_v2_retry2,7696,0.3866639065036183,0.718164677637238,0.3315007711336197,28,1
677,llama_3_3_70b_v2_retry2,11486,0.4455532373502174,0.7770406230674088,0.33148738571719144,28,1
678,llama_3_3_70b_v2_retry2,9647,0.3419877126463281,0.0105035538036191,0.331484158842709,27,1
679,llama_3_3_70b_v2_retry2,8445,0.4907964287350153,0.1598652257163843,0.330931203018631,33,1
680,llama_3_3_70b_v2_retry2,9189,0.5600759387715277,0.2294480192802084,0.3306279194913193,57,1
681,llama_3_3_70b_v2_retry2,11055,0.4620337129794367,0.1314765211640211,0.3305571918154156,12,1
682,llama_3_3_70b_v2_retry2,8572,0.3433231157352788,0.0132346502468185,0.33008846548846027,66,1
683,llama_3_3_70b_v2_retry2,1227,0.3594151939654447,0.0297470315510715,0.3296681624143732,67,1
684,llama_3_3_70b_v2_retry2,10056,0.3407220170574768,0.0110864540506894,0.32963556300678737,55,1
685,llama_3_3_70b_v2_retry2,11444,0.3743480062244189,0.0448413374133342,0.3295066688110847,55,1
686,llama_3_3_70b_v2_retry2,257,0.3939748563383111,0.0645146878791719,0.32946016845913917,39,1
687,llama_3_3_70b_v2_retry2,11636,0.3384815376737518,0.00959824972992,0.32888328794383176,17,1
688,llama_3_3_70b_v2_retry2,721,0.3446489772312613,0.0166159447305094,0.3280330325007519,28,1
689,llama_3_3_70b_v2_retry2,9943,0.3333973103093874,0.0054969657703389,0.3279003445390485,35,1
690,llama_3_3_70b_v2_retry2,3313,0.4309342969616571,0.1030625207847805,0.3278717761768766,61,1
691,llama_3_3_70b_v2_retry2,3310,0.3324743558484506,0.005487399051372,0.32698695679707857,33,1
692,llama_3_3_70b_v2_retry2,2523,0.7529350948875521,0.4261883116883116,0.32674678319924044,35,1
693,llama_3_3_70b_v2_retry2,11568,0.3779740053620511,0.0515487105014967,0.3264252948605544,56,1
694,llama_3_3_70b_v2_retry2,3192,0.8139685612149258,0.4877165474722736,0.32625201374265217,54,1
695,llama_3_3_70b_v2_retry2,2913,0.4681286838394339,0.1423911948045968,0.3257374890348371,58,1
696,llama_3_3_70b_v2_retry2,1722,0.4040406936121667,0.0783458891218267,0.32569480449034,48,1
697,llama_3_3_70b_v2_retry2,10201,0.5585496055129633,0.2335328046439157,0.3250168008690476,27,1
698,llama_3_3_70b_v2_retry2,10245,0.3310523316309732,0.0064632404198821,0.3245890912110911,45,1
699,llama_3_3_70b_v2_retry2,3029,0.3359411324945683,0.0115347488746341,0.3244063836199342,54,1
700,llama_3_3_70b_v2_retry2,2078,0.7125883246850996,0.3890583817523473,0.3235299429327523,58,1
701,llama_3_3_70b_v2_retry2,4004,0.3398307172126532,0.0163813687643404,0.3234493484483128,26,1
702,llama_3_3_70b_v2_retry2,2956,0.3558424920351847,0.0325649382959142,0.3232775537392705,32,1
703,llama_3_3_70b_v2_retry2,2717,0.4207609196343554,0.0977699377863851,0.3229909818479703,44,1
704,llama_3_3_70b_v2_retry2,10514,0.3594194252398415,0.0368371787430443,0.3225822464967972,14,1
705,llama_3_3_70b_v2_retry2,1247,0.3348728405923757,0.0123518556237478,0.3225209849686279,44,1
706,llama_3_3_70b_v2_retry2,10504,0.3647195284045771,0.0422306261276849,0.3224889022768922,13,1
707,llama_3_3_70b_v2_retry2,9945,0.4034151678056842,0.0816865359870113,0.3217286318186729,69,1
708,llama_3_3_70b_v2_retry2,11593,0.3492055171259955,0.0278796295759158,0.32132588755007974,48,1
709,llama_3_3_70b_v2_retry2,10754,0.3408993599178104,0.0196711204405783,0.3212282394772321,74,1
710,llama_3_3_70b_v2_retry2,3363,0.3490525165425549,0.0279376343133807,0.3211148822291742,43,1
711,llama_3_3_70b_v2_retry2,8631,0.3229962461698051,0.0033639295937314,0.3196323165760737,30,1
712,llama_3_3_70b_v2_retry2,3311,0.3291729136038249,0.0095896210933693,0.3195832925104556,58,1
713,llama_3_3_70b_v2_retry2,7968,0.3366581954698931,0.017130403148353,0.3195277923215401,44,1
714,llama_3_3_70b_v2_retry2,9770,0.3228883668374401,0.0034695772739952,0.3194187895634449,46,1
715,llama_3_3_70b_v2_retry2,8604,0.4381989446946909,0.1189005292402732,0.31929841545441773,38,1
716,llama_3_3_70b_v2_retry2,10055,0.3202816466286411,0.0016244525874348,0.3186571940412063,75,1
717,llama_3_3_70b_v2_retry2,9654,0.481307989019926,0.7988900187355498,0.31758202971562377,43,1
718,llama_3_3_70b_v2_retry2,7738,0.7834844699706245,0.4659476651102469,0.3175368048603776,36,1
719,llama_3_3_70b_v2_retry2,3359,0.327950424917837,0.0107011068948978,0.3172493180229392,67,1
720,llama_3_3_70b_v2_retry2,206,0.3696977019752568,0.0529558039069758,0.316741898068281,67,1
721,llama_3_3_70b_v2_retry2,10442,0.937976351808528,0.6213434819424403,0.31663286986608774,48,1
722,llama_3_3_70b_v2_retry2,9535,0.323993582184953,0.0076987939842744,0.3162947882006786,33,1
723,llama_3_3_70b_v2_retry2,7330,0.4528050990645199,0.1367025884574576,0.3161025106070623,36,1
724,llama_3_3_70b_v2_retry2,8590,0.6206235554858551,0.3051076046355256,0.3155159508503295,51,1
725,llama_3_3_70b_v2_retry2,10218,0.9836926106026684,0.6682186948853615,0.315473915717307,54,1
726,llama_3_3_70b_v2_retry2,4334,0.3240528217471664,0.0089712317421944,0.315081590004972,69,1
727,llama_3_3_70b_v2_retry2,3110,0.919613873640446,1.2345679012345678,0.31495402759412183,18,1
728,llama_3_3_70b_v2_retry2,11119,0.3631295095738084,0.0489568299458581,0.3141726796279503,44,1
729,llama_3_3_70b_v2_retry2,11060,0.3442985361255739,0.0303703186908689,0.31392821743470495,18,1
730,llama_3_3_70b_v2_retry2,8232,0.3316219804804692,0.0178245548892436,0.3137974255912256,45,1
731,llama_3_3_70b_v2_retry2,8480,0.912413155933166,1.2261905212842712,0.31377736535110523,40,1
732,llama_3_3_70b_v2_retry2,2902,0.4765354497143068,0.1631954457716816,0.3133400039426252,65,1
733,llama_3_3_70b_v2_retry2,9196,0.3272688724919682,0.0140992968222884,0.3131695756696798,30,1
734,llama_3_3_70b_v2_retry2,3301,0.3412263007097399,0.028693348887748,0.3125329518219919,33,1
735,llama_3_3_70b_v2_retry2,10600,0.4012857156651094,0.0887909389514538,0.3124947767136556,13,1
736,llama_3_3_70b_v2_retry2,3367,0.365871624726335,0.0534145263467998,0.31245709837953517,73,1
737,llama_3_3_70b_v2_retry2,3215,0.9876657815295696,0.6754150132275136,0.312250768302056,32,1
738,llama_3_3_70b_v2_retry2,9923,0.3333781054510438,0.0220613857117651,0.3113167197392787,11,1
739,llama_3_3_70b_v2_retry2,8116,0.3496498849061003,0.0389030081673788,0.3107468767387215,34,1
740,llama_3_3_70b_v2_retry2,10916,0.4907131783300912,0.1802513227513228,0.3104618555787684,24,1
741,llama_3_3_70b_v2_retry2,9848,0.2385824473964363,0.5488612266001972,0.3102787792037609,28,1
742,llama_3_3_70b_v2_retry2,10662,0.312978807128556,0.0030260675621012,0.3099527395664548,65,1
743,llama_3_3_70b_v2_retry2,11498,0.4084732754304399,0.098583932737825,0.30988934269261487,46,1
744,llama_3_3_70b_v2_retry2,879,0.3118961459116371,0.0025977880736141,0.309298357838023,31,1
745,llama_3_3_70b_v2_retry2,2776,0.3215735782295973,0.0123097655427571,0.3092638126868402,56,1
746,llama_3_3_70b_v2_retry2,3484,0.5430699713980071,0.2338216749793565,0.3092482964186506,69,1
747,llama_3_3_70b_v2_retry2,10410,0.3901628878160676,0.0814599881016759,0.3087028997143917,27,1
748,llama_3_3_70b_v2_retry2,4245,0.5373268779316814,0.2288251782555904,0.30850169967609103,67,1
749,llama_3_3_70b_v2_retry2,7005,0.9156128882631118,0.6071318342151676,0.30848105404794424,45,1
750,llama_3_3_70b_v2_retry2,3478,0.3156160278062624,0.0071648092146397,0.3084512185916227,30,1
751,llama_3_3_70b_v2_retry2,7833,0.8710450804249801,0.562644042465471,0.30840103795950913,42,1
752,llama_3_3_70b_v2_retry2,1246,0.3244642814560675,0.0162654513634215,0.308198830092646,55,1
753,llama_3_3_70b_v2_retry2,8586,0.4639826651458122,0.1558128828238496,0.30816978232196257,31,1
754,llama_3_3_70b_v2_retry2,10058,0.3477210362413471,0.0396210943881644,0.3080999418531827,37,1
755,llama_3_3_70b_v2_retry2,11122,1.1089549862032588,0.8008703403078403,0.3080846458954185,40,1
756,llama_3_3_70b_v2_retry2,11115,0.3104565027125394,0.0024590363756704,0.307997466336869,49,1
757,llama_3_3_70b_v2_retry2,3317,0.4982040101490648,0.1902531051180162,0.3079509050310486,43,1
758,llama_3_3_70b_v2_retry2,8465,1.2108394154512585,1.5187690631808275,0.307929647729569,51,1
759,llama_3_3_70b_v2_retry2,9593,0.3234834474954814,0.0162535195508819,0.3072299279445995,59,1
760,llama_3_3_70b_v2_retry2,9592,0.319334720135619,0.0130016190006485,0.3063331011349705,36,1
761,llama_3_3_70b_v2_retry2,10260,0.3106426954355806,0.0050220364498964,0.3056206589856842,39,1
762,llama_3_3_70b_v2_retry2,11641,0.4394620582428299,0.1359717194523186,0.30349033879051135,58,1
763,llama_3_3_70b_v2_retry2,10341,0.3121830974480922,0.0089683933627431,0.3032147040853491,13,1
764,llama_3_3_70b_v2_retry2,3208,0.354601919148363,0.0514364897917603,0.3031654293566027,40,1
765,llama_3_3_70b_v2_retry2,7814,0.348299959318263,0.0463118338669827,0.30198812545128034,58,1
766,llama_3_3_70b_v2_retry2,2507,0.666535475511671,0.3646790497861926,0.30185642572547844,35,1
767,llama_3_3_70b_v2_retry2,11052,0.3344002105414757,0.0325559625559625,0.3018442479855132,13,1
768,llama_3_3_70b_v2_retry2,9491,0.6303698795879356,0.3293654551467051,0.30100442444123043,32,1
769,llama_3_3_70b_v2_retry2,3034,0.4649557187577094,0.7655992030914631,0.3006434843337537,37,1
770,llama_3_3_70b_v2_retry2,10511,0.3174355124424168,0.017260717152358,0.3001747952900588,19,1
771,llama_3_3_70b_v2_retry2,4253,0.4537715493227186,0.1541424864325261,0.29962906289019253,67,1
772,llama_3_3_70b_v2_retry2,11516,0.6722712687444379,0.3727853850457321,0.29948588369870577,54,1
773,llama_3_3_70b_v2_retry2,10409,0.3774968852670262,0.0787856909807288,0.2987111942862974,74,1
774,llama_3_3_70b_v2_retry2,3366,0.3686403420486946,0.0709742717920516,0.29766607025664304,77,1
775,llama_3_3_70b_v2_retry2,3012,0.2992105060056961,0.0019475060500805,0.2972629999556156,72,1
776,llama_3_3_70b_v2_retry2,6702,0.5032103241808225,0.2065816113234591,0.29662871285736336,46,1
777,llama_3_3_70b_v2_retry2,8166,0.5807372329305388,0.2842406264165336,0.2964966065140052,64,1
778,llama_3_3_70b_v2_retry2,10759,0.3223720374390348,0.0262942832914849,0.2960777541475499,23,1
779,llama_3_3_70b_v2_retry2,9208,0.3643183177501737,0.0683763491771088,0.2959419685730649,30,1
780,llama_3_3_70b_v2_retry2,8117,0.3024068447035787,0.0068137802753993,0.2955930644281794,31,1
781,llama_3_3_70b_v2_retry2,9187,0.4065853385185386,0.1113827202284828,0.2952026182900558,44,1
782,llama_3_3_70b_v2_retry2,3362,0.3050150003814779,0.0106841477504972,0.2943308526309807,38,1
783,llama_3_3_70b_v2_retry2,2240,0.3075978313756263,0.0138343777817942,0.2937634535938321,34,1
784,llama_3_3_70b_v2_retry2,6676,0.3107824513528128,0.0171716968892673,0.2936107544635455,30,1
785,llama_3_3_70b_v2_retry2,11069,0.4452166529994765,0.1518799781042186,0.2933366748952579,32,1
786,llama_3_3_70b_v2_retry2,11662,0.906443238823022,1.1996309612287874,0.2931877224057654,39,1
787,llama_3_3_70b_v2_retry2,10350,0.2944978988336408,0.0014451829845567,0.2930527158490841,10,1
788,llama_3_3_70b_v2_retry2,873,0.4624037238185778,0.1703150100042044,0.2920887138143734,60,1
789,llama_3_3_70b_v2_retry2,1085,0.4607429658237233,0.7527282532574009,0.2919852874336776,63,1
790,llama_3_3_70b_v2_retry2,760,0.3072124735926242,0.0153725662421314,0.2918399073504928,21,1
791,llama_3_3_70b_v2_retry2,7429,0.362187511578817,0.070729819651658,0.291457691927159,49,1
792,llama_3_3_70b_v2_retry2,6640,0.3195064399607219,0.0284792740670207,0.2910271658937012,33,1
793,llama_3_3_70b_v2_retry2,10666,0.4782293728443424,0.1877561748310413,0.2904731980133011,56,1
794,llama_3_3_70b_v2_retry2,1238,0.3031760335969208,0.0138585150295666,0.2893175185673542,38,1
795,llama_3_3_70b_v2_retry2,2762,0.4541863886361011,0.1654569436215567,0.28872944501454445,47,1
796,llama_3_3_70b_v2_retry2,9547,0.6210269637648745,0.3325843755010422,0.28844258826383234,21,1
797,llama_3_3_70b_v2_retry2,2266,0.656843800942611,0.3690091822266612,0.2878346187159498,62,1
798,llama_3_3_70b_v2_retry2,11659,0.3030877297556443,0.0152664885398603,0.287821241215784,14,1
799,llama_3_3_70b_v2_retry2,7691,0.3312565591108909,0.0444824610489484,0.28677409806194254,48,1
800,llama_3_3_70b_v2_retry2,10365,0.2952608687231377,0.0089359847663357,0.286324883956802,52,1
801,llama_3_3_70b_v2_retry2,209,0.3012962193468613,0.0151235104649162,0.28617270888194507,35,1
802,llama_3_3_70b_v2_retry2,3014,0.8568353892710266,1.142881354380913,0.28604596510988645,50,1
803,llama_3_3_70b_v2_retry2,1284,0.4246574982023013,0.1386771900627691,0.28598030813953224,35,1
804,llama_3_3_70b_v2_retry2,1864,0.3816204653690916,0.0957727232302298,0.2858477421388618,24,1
805,llama_3_3_70b_v2_retry2,3035,0.5713373749309347,0.2856630171709536,0.2856743577599811,63,1
806,llama_3_3_70b_v2_retry2,10638,0.305147026395254,0.0195093817631273,0.2856376446321267,38,1
807,llama_3_3_70b_v2_retry2,10725,0.332523087498529,0.0470025680770499,0.2855205194214791,27,1
808,llama_3_3_70b_v2_retry2,168,0.616063604243729,0.3312896576566167,0.28477394658711225,36,1
809,llama_3_3_70b_v2_retry2,1241,0.3144929157510515,0.0300683772401781,0.2844245385108734,46,1
810,llama_3_3_70b_v2_retry2,2955,1.0340477782912656,1.3183549606958695,0.28430718240460395,55,1
811,llama_3_3_70b_v2_retry2,4333,0.3140767770908068,0.0306350970959702,0.2834416799948366,65,1
812,llama_3_3_70b_v2_retry2,2788,0.2844003170706115,0.0017224941944587,0.2826778228761528,66,1
813,llama_3_3_70b_v2_retry2,3691,0.6548802596355309,0.3725103174603175,0.2823699421752134,25,1
814,llama_3_3_70b_v2_retry2,10354,0.2915922157805593,0.00923380100375,0.28235841477680934,14,1
815,llama_3_3_70b_v2_retry2,10057,0.2937258324539535,0.0119965530048956,0.2817292794490579,71,1
816,llama_3_3_70b_v2_retry2,6678,0.2831514772823466,0.0014472925026155,0.2817041847797311,58,1
817,llama_3_3_70b_v2_retry2,9461,0.3478647401572963,0.0664304074805754,0.2814343326767209,59,1
818,llama_3_3_70b_v2_retry2,8743,0.2828703681343398,0.0016097412110318,0.281260626923308,54,1
819,llama_3_3_70b_v2_retry2,1819,0.2830151260544252,0.0023210988370692,0.280694027217356,31,1
820,llama_3_3_70b_v2_retry2,1240,0.3660848239672899,0.0854197106853766,0.28066511328191335,39,1
821,llama_3_3_70b_v2_retry2,10645,0.2901246463958211,0.0095695077997978,0.28055513859602327,32,1
822,llama_3_3_70b_v2_retry2,10914,0.4187976631715047,0.1383095844703879,0.2804880787011168,24,1
823,llama_3_3_70b_v2_retry2,10876,0.8497368040041697,0.56925,0.2804868040041697,20,1
824,llama_3_3_70b_v2_retry2,11494,0.351676071760703,0.0724777545536474,0.27919831720705557,28,1
825,llama_3_3_70b_v2_retry2,7558,0.2911056155520004,0.0120565665501215,0.2790490490018789,46,1
826,llama_3_3_70b_v2_retry2,7795,0.39854518503866,0.1195242481140513,0.2790209369246087,35,1
827,llama_3_3_70b_v2_retry2,10774,0.2679159328728197,0.5462331847032249,0.27831725183040523,28,1
828,llama_3_3_70b_v2_retry2,11117,0.424690085129755,0.1464209427480952,0.2782691423816598,37,1
829,llama_3_3_70b_v2_retry2,10352,0.3524978015638902,0.0748403627339454,0.2776574388299448,19,1
830,llama_3_3_70b_v2_retry2,3193,0.8715970962619932,0.5942978374419053,0.2772992588200879,59,1
831,llama_3_3_70b_v2_retry2,203,0.3120211818758816,0.0351246002601251,0.27689658161575653,32,1
832,llama_3_3_70b_v2_retry2,10866,0.2597475382640155,0.5362921065862243,0.2765445683222088,25,1
833,llama_3_3_70b_v2_retry2,1984,0.7181115459885747,0.9942221883942426,0.27611064240566785,34,1
834,llama_3_3_70b_v2_retry2,6695,0.7752531369533631,0.4994501327467014,0.27580300420666165,51,1
835,llama_3_3_70b_v2_retry2,10299,0.3075982501313131,0.0318984743648139,0.2756997757664992,55,1
836,llama_3_3_70b_v2_retry2,10257,0.3191356506935363,0.0435962932297699,0.2755393574637664,40,1
837,llama_3_3_70b_v2_retry2,9559,0.3077190281030021,0.5829631544673526,0.27524412636435047,32,1
838,llama_3_3_70b_v2_retry2,3017,0.3474615974862098,0.0724419476392126,0.2750196498469972,33,1
839,llama_3_3_70b_v2_retry2,3451,0.4337648594720328,0.1589329129380899,0.27483194653394294,60,1
840,llama_3_3_70b_v2_retry2,10753,0.4235055118995237,0.149673758532414,0.2738317533671097,66,1
841,llama_3_3_70b_v2_retry2,202,0.2815299056469943,0.0081388258624075,0.2733910797845868,22,1
842,llama_3_3_70b_v2_retry2,9541,0.3404787933953876,0.613849930011826,0.27337113661643836,28,1
843,llama_3_3_70b_v2_retry2,2005,0.2784817784361324,0.0051815576377471,0.27330022079838534,44,1
844,llama_3_3_70b_v2_retry2,10374,0.2859550307903035,0.0127432955831721,0.2732117352071314,43,1
845,llama_3_3_70b_v2_retry2,11497,0.365568590616334,0.0924504078851904,0.27311818273114363,26,1
846,llama_3_3_70b_v2_retry2,4315,0.2793142004065365,0.0065809886045439,0.27273321180199256,36,1
847,llama_3_3_70b_v2_retry2,9682,0.4715913675589748,0.1992202227406046,0.2723711448183702,51,1
848,llama_3_3_70b_v2_retry2,4269,0.8918434228845779,0.6196012374117336,0.2722421854728443,54,1
849,llama_3_3_70b_v2_retry2,10189,0.3635461014410746,0.0920562006625649,0.27148990077850965,39,1
850,llama_3_3_70b_v2_retry2,7704,0.2967678311535557,0.0253308716697241,0.2714369594838316,29,1
851,llama_3_3_70b_v2_retry2,2265,0.3966569658971808,0.1255134347595702,0.2711435311376106,49,1
852,llama_3_3_70b_v2_retry2,2274,0.3477277162953252,0.0767832849411796,0.2709444313541456,33,1
853,llama_3_3_70b_v2_retry2,6679,0.2789364180135356,0.0081445812011655,0.27079183681237007,22,1
854,llama_3_3_70b_v2_retry2,2296,0.282790123325154,0.0123785632345565,0.2704115600905975,26,1
855,llama_3_3_70b_v2_retry2,10053,0.3042981288756721,0.0339028296106106,0.2703952992650615,70,1
856,llama_3_3_70b_v2_retry2,11490,0.5059970343865221,0.7762242445054945,0.27022721011897244,26,1
857,llama_3_3_70b_v2_retry2,11612,0.2955078408077955,0.0256438851024462,0.2698639557053493,17,1
858,llama_3_3_70b_v2_retry2,2505,0.3975098468493621,0.1279765456001376,0.2695333012492245,47,1
859,llama_3_3_70b_v2_retry2,2235,0.3295202086746402,0.0606638196715058,0.2688563890031344,61,1
860,llama_3_3_70b_v2_retry2,8527,0.7959035092895113,0.5276184149184149,0.2682850943710964,25,1
861,llama_3_3_70b_v2_retry2,3117,0.313583203176031,0.0454752910916908,0.2681079120843402,37,1
862,llama_3_3_70b_v2_retry2,10353,0.2812735254098581,0.0139458053520553,0.2673277200578028,12,1
863,llama_3_3_70b_v2_retry2,9914,0.3008092428975726,0.033922952322528,0.2668862905750446,57,1
864,llama_3_3_70b_v2_retry2,7331,0.3186370703128989,0.0524172958586574,0.2662197744542415,28,1
865,llama_3_3_70b_v2_retry2,2278,0.2688049413322721,0.0026844143943837,0.2661205269378884,34,1
866,llama_3_3_70b_v2_retry2,734,0.5849790396522014,0.31890303789925,0.26607600175295143,33,1
867,llama_3_3_70b_v2_retry2,8581,0.3724368543493413,0.1073684210262824,0.2650684333230589,35,1
868,llama_3_3_70b_v2_retry2,10268,0.2785878825312383,0.0142461306801169,0.2643417518511214,57,1
869,llama_3_3_70b_v2_retry2,8748,0.3428918224497215,0.0790262070041401,0.2638656154455814,44,1
870,llama_3_3_70b_v2_retry2,11571,0.4691075891044974,0.205243150783979,0.2638644383205184,67,1
871,llama_3_3_70b_v2_retry2,259,0.383307950191274,0.1196662656639447,0.2636416845273293,52,1
872,llama_3_3_70b_v2_retry2,10781,0.4260503063423481,0.1625988769114402,0.2634514294309079,24,1
873,llama_3_3_70b_v2_retry2,7781,0.2835781236752555,0.0203622844428241,0.26321583923243136,14,1
874,llama_3_3_70b_v2_retry2,1865,0.2696303343568175,0.0065189126004769,0.2631114217563406,39,1
875,llama_3_3_70b_v2_retry2,5247,0.4804086617781225,0.7425900943758458,0.26218143259772325,38,1
876,llama_3_3_70b_v2_retry2,237,0.2752578807362181,0.0133276399109534,0.26193024082526467,44,1
877,llama_3_3_70b_v2_retry2,4314,0.3894969848256447,0.1278557605567357,0.261641224268909,40,1
878,llama_3_3_70b_v2_retry2,10602,0.271363867274222,0.009860342304511,0.261503524969711,13,1
879,llama_3_3_70b_v2_retry2,10598,0.2707560038136462,0.009470583311902,0.2612854205017442,13,1
880,llama_3_3_70b_v2_retry2,8583,0.7485147219919974,0.4875153479581737,0.26099937403382373,57,1
881,llama_3_3_70b_v2_retry2,8827,0.3135780734593868,0.0529477051391217,0.2606303683202651,27,1
882,llama_3_3_70b_v2_retry2,10343,0.3005564131333783,0.0399695784201686,0.26058683471320965,20,1
883,llama_3_3_70b_v2_retry2,248,0.5436226837599746,0.2836049768944506,0.260017706865524,38,1
884,llama_3_3_70b_v2_retry2,2879,0.9856391312151884,0.7258282579993106,0.2598108732158778,57,1
885,llama_3_3_70b_v2_retry2,4375,0.5221442263656217,0.262374514631459,0.25976971173416274,36,1
886,llama_3_3_70b_v2_retry2,1249,0.2612795219072954,0.0016824426780709,0.25959707922922454,47,1
887,llama_3_3_70b_v2_retry2,3361,0.289119182568432,0.0295352789282826,0.2595839036401494,34,1
888,llama_3_3_70b_v2_retry2,9591,0.2923673026634157,0.0334241075040405,0.2589431951593752,30,1
889,llama_3_3_70b_v2_retry2,10912,0.4042207458388512,0.1459257058594482,0.258295039979403,27,1
890,llama_3_3_70b_v2_retry2,10513,0.3038504720847602,0.0455568916587843,0.2582935804259759,16,1
891,llama_3_3_70b_v2_retry2,3225,0.5034188765191046,0.2467768034434701,0.25664207307563447,30,1
892,llama_3_3_70b_v2_retry2,7560,0.8163560314501555,0.5603336272780718,0.25602240417208366,27,1
893,llama_3_3_70b_v2_retry2,10061,0.2986155015389975,0.0432871126601056,0.2553283888788919,39,1
894,llama_3_3_70b_v2_retry2,1719,0.3944379908206912,0.1391460009558187,0.2552919898648725,48,1
895,llama_3_3_70b_v2_retry2,11114,0.3168569414521598,0.062109394200509,0.25474754725165083,37,1
896,llama_3_3_70b_v2_retry2,11116,0.3219326546758304,0.0673505308915191,0.2545821237843113,30,1
897,llama_3_3_70b_v2_retry2,9934,0.2541553022375396,0.0010333364646235,0.2531219657729161,20,1
898,llama_3_3_70b_v2_retry2,10059,0.2547637171803631,0.0019411063671632,0.2528226108131999,44,1
899,llama_3_3_70b_v2_retry2,4059,0.3188770823977302,0.0661491905696485,0.2527278918280817,35,1
900,llama_3_3_70b_v2_retry2,9671,0.2919096479523611,0.0392210859718073,0.2526885619805538,39,1
901,llama_3_3_70b_v2_retry2,10454,0.3041623232593963,0.0515412739225687,0.2526210493368276,65,1
902,llama_3_3_70b_v2_retry2,6682,0.41889754168688,0.1666030306151208,0.25229451107175915,76,1
903,llama_3_3_70b_v2_retry2,8636,0.9262416453581152,1.1783470661529172,0.252105420794802,47,1
904,llama_3_3_70b_v2_retry2,9907,0.3300161703215141,0.078351149435292,0.2516650208862221,72,1
905,llama_3_3_70b_v2_retry2,10512,0.2879987346912837,0.0364840714840714,0.2515146632072123,13,1
906,llama_3_3_70b_v2_retry2,10342,0.3223857661406178,0.0709462366525013,0.25143952948811654,20,1
907,llama_3_3_70b_v2_retry2,9779,0.3742012207097381,0.1229148778029806,0.2512863429067575,61,1
908,llama_3_3_70b_v2_retry2,6683,0.2767518048546669,0.0254870602597852,0.2512647445948817,73,1
909,llama_3_3_70b_v2_retry2,3115,0.291669299596705,0.0406846654767789,0.2509846341199261,70,1
910,llama_3_3_70b_v2_retry2,871,0.5010787277371611,0.250107091982092,0.2509716357550691,66,1
911,llama_3_3_70b_v2_retry2,9595,0.3241746914591091,0.0732339305677789,0.2509407608913302,37,1
912,llama_3_3_70b_v2_retry2,11070,0.635588255170627,0.8864775915523887,0.2508893363817617,29,1
913,llama_3_3_70b_v2_retry2,6686,0.4472131373955944,0.698050366757361,0.2508372293617666,71,1
914,llama_3_3_70b_v2_retry2,4184,0.2576596577813825,0.0068235950983956,0.2508360626829869,34,1
915,llama_3_3_70b_v2_retry2,2300,0.2877167950554036,0.0372948193914445,0.2504219756639591,66,1
916,llama_3_3_70b_v2_retry2,3043,0.2527549619282997,0.0023530141594684,0.2504019477688313,38,1
917,llama_3_3_70b_v2_retry2,1458,0.3677880912569493,0.6178662029715316,0.25007811171458233,61,1
918,llama_3_3_70b_v2_retry2,3349,0.6000401387171569,0.3516213394189584,0.2484187992981985,42,1
919,llama_3_3_70b_v2_retry2,2882,0.3717478327883128,0.1238982365520296,0.24784959623628322,57,1
920,llama_3_3_70b_v2_retry2,3020,0.4350674191489745,0.1872842324845522,0.2477831866644223,58,1
921,llama_3_3_70b_v2_retry2,2866,0.5946978053084733,0.8424512669102284,0.24775346160175515,46,1
922,llama_3_3_70b_v2_retry2,7964,0.2553137460154022,0.0080123269639821,0.24730141905142008,25,1
923,llama_3_3_70b_v2_retry2,11561,0.2763026529334972,0.0292313395904561,0.2470713133430411,44,1
924,llama_3_3_70b_v2_retry2,8741,0.2494438223193885,0.0028315038493731,0.24661231847001538,24,1
925,llama_3_3_70b_v2_retry2,9817,0.2474923760416058,0.0011278888495134,0.2463644871920924,22,1
926,llama_3_3_70b_v2_retry2,3013,0.4683281868968629,0.2227990076372429,0.24552917925962,30,1
927,llama_3_3_70b_v2_retry2,9925,0.2810235642301527,0.0359340659340659,0.24508949829608678,10,1
928,llama_3_3_70b_v2_retry2,2085,1.212176718096034,1.4572283623594366,0.24505164426340276,46,1
929,llama_3_3_70b_v2_retry2,163,0.5021104489414988,0.7470849511780885,0.24497450223658968,51,1
930,llama_3_3_70b_v2_retry2,10626,0.6390921785764399,0.8839015255780754,0.2448093470016356,56,1
931,llama_3_3_70b_v2_retry2,7391,0.256368394918987,0.0118254169647906,0.24454297795419638,54,1
932,llama_3_3_70b_v2_retry2,7427,0.2926278979425591,0.0483309760811817,0.24429692186137741,33,1
933,llama_3_3_70b_v2_retry2,2751,0.26323704737188,0.0194673280273506,0.24376971934452937,24,1
934,llama_3_3_70b_v2_retry2,11640,0.3137085052594571,0.0703010153725795,0.2434074898868776,41,1
935,llama_3_3_70b_v2_retry2,5167,0.2519917584829003,0.0093852918741867,0.2426064666087136,21,1
936,llama_3_3_70b_v2_retry2,8444,0.5714946422531777,0.3291935223001399,0.24230111995303782,34,1
937,llama_3_3_70b_v2_retry2,10340,0.3858959709378702,0.1436753111306682,0.242220659807202,28,1
938,llama_3_3_70b_v2_retry2,857,0.2727874041535281,0.031254514432591,0.2415328897209371,26,1
939,llama_3_3_70b_v2_retry2,9977,0.4698010387800817,0.2284320393801817,0.24136899939990003,38,1
940,llama_3_3_70b_v2_retry2,8592,0.4851729518048338,0.2444756585652335,0.24069729323960026,44,1
941,llama_3_3_70b_v2_retry2,8449,0.2766050386078535,0.0363397490724737,0.24026528953537982,21,1
942,llama_3_3_70b_v2_retry2,4427,0.2535250838580801,0.0135738615706402,0.2399512222874399,41,1
943,llama_3_3_70b_v2_retry2,2094,0.3020550367828985,0.0631220165240796,0.2389330202588189,70,1
944,llama_3_3_70b_v2_retry2,2276,0.2532462927239149,0.0146490628933877,0.23859722983052722,35,1
945,llama_3_3_70b_v2_retry2,6680,0.4292787711528651,0.1908913841821888,0.23838738697067632,61,1
946,llama_3_3_70b_v2_retry2,8173,0.2791959070104814,0.0408635864395385,0.23833232057094292,28,1
947,llama_3_3_70b_v2_retry2,3876,0.441737352230828,0.2035372572684833,0.2382000949623447,32,1
948,llama_3_3_70b_v2_retry2,11652,0.2866852284541674,0.0488118982593438,0.2378733301948236,11,1
949,llama_3_3_70b_v2_retry2,204,0.2491138742222853,0.011376150575146,0.2377377236471393,33,1
950,llama_3_3_70b_v2_retry2,9948,0.2386705205400933,0.47503387102889,0.2363633504887967,33,1
951,llama_3_3_70b_v2_retry2,2964,0.4304948316629738,0.1941674027997879,0.23632742886318592,65,1
952,llama_3_3_70b_v2_retry2,7687,0.5280921615061647,0.7640114409400123,0.2359192794338476,35,1
953,llama_3_3_70b_v2_retry2,9924,0.3082505301597723,0.072811164779302,0.23543936538047028,15,1
954,llama_3_3_70b_v2_retry2,1694,0.2627696069386734,0.0278858255366704,0.234883781402003,29,1
955,llama_3_3_70b_v2_retry2,3226,0.4390916650196206,0.6735108980563844,0.23441923303676382,32,1
956,llama_3_3_70b_v2_retry2,8237,0.2467401268380645,0.0126721369919973,0.23406798984606722,60,1
957,llama_3_3_70b_v2_retry2,11653,0.3974991508657458,0.1635819709456856,0.23391717992006017,32,1
958,llama_3_3_70b_v2_retry2,4374,0.329869459315712,0.0959754411255011,0.23389401819021088,49,1
959,llama_3_3_70b_v2_retry2,3210,0.5970762398064949,0.363717472329232,0.23335876747726292,61,1
960,llama_3_3_70b_v2_retry2,9870,0.3766440437550736,0.1433484714263543,0.2332955723287193,32,1
961,llama_3_3_70b_v2_retry2,3452,0.2325477263570295,0.0005289414074713,0.2320187849495582,33,1
962,llama_3_3_70b_v2_retry2,855,0.4070582109912042,0.1763599325249004,0.2306982784663038,34,1
963,llama_3_3_70b_v2_retry2,9596,0.3410264370215135,0.110433560691534,0.2305928763299795,62,1
964,llama_3_3_70b_v2_retry2,1972,0.5436301566003532,0.3136078977383325,0.2300222588620207,23,1
965,llama_3_3_70b_v2_retry2,6113,0.2299826017437312,0.0004706908798054,0.2295119108639258,33,1
966,llama_3_3_70b_v2_retry2,2556,0.2343026500058521,0.0049599470208111,0.229342702985041,33,1
967,llama_3_3_70b_v2_retry2,9707,1.0252129817535818,0.7959947668131812,0.22921821494040062,69,1
968,llama_3_3_70b_v2_retry2,2307,0.999729346994346,0.7705675805675807,0.22916176642676533,44,1
969,llama_3_3_70b_v2_retry2,11623,0.4844379784601692,0.7124947089947091,0.2280567305345399,35,1
970,llama_3_3_70b_v2_retry2,9641,0.9762979802966428,0.7494004427167692,0.22689753757987363,49,1
971,llama_3_3_70b_v2_retry2,10765,0.3203199371888773,0.0939027112194405,0.2264172259694368,14,1
972,llama_3_3_70b_v2_retry2,4026,0.8971807895060356,1.1234678284678286,0.22628703896179292,39,1
973,llama_3_3_70b_v2_retry2,242,0.2346504560497812,0.0084390469145746,0.2262114091352066,30,1
974,llama_3_3_70b_v2_retry2,1242,0.2313278026200809,0.0057707381149057,0.2255570645051752,45,1
975,llama_3_3_70b_v2_retry2,10406,0.2268557585922365,0.0013500706166831,0.2255056879755534,29,1
976,llama_3_3_70b_v2_retry2,241,0.2423829745387667,0.017212989973932,0.2251699845648347,44,1
977,llama_3_3_70b_v2_retry2,9558,0.3699910917559157,0.1449115335227812,0.22507955823313452,52,1
978,llama_3_3_70b_v2_retry2,10767,0.4069825804667967,0.6311091491354649,0.2241265686686682,42,1
979,llama_3_3_70b_v2_retry2,10619,0.3750097527986292,0.1511648420310906,0.2238449107675386,56,1
980,llama_3_3_70b_v2_retry2,895,0.2335995761969937,0.0099775912892596,0.2236219849077341,34,1
981,llama_3_3_70b_v2_retry2,10663,0.2935705979452655,0.0713763367293393,0.22219426121592623,40,1
982,llama_3_3_70b_v2_retry2,10119,0.2329637229930337,0.0108380492293535,0.2221256737636802,12,1
983,llama_3_3_70b_v2_retry2,10237,0.2564709632877828,0.0344441846767534,0.2220267786110294,45,1
984,llama_3_3_70b_v2_retry2,3810,0.4122061041679635,0.1903092575552404,0.2218968466127231,70,1
985,llama_3_3_70b_v2_retry2,705,0.7666644198371266,0.9880804970891176,0.22141607725199097,29,1
986,llama_3_3_70b_v2_retry2,8532,0.7975191725658743,0.5761306471172671,0.2213885254486072,61,1
987,llama_3_3_70b_v2_retry2,9384,0.9423397689050036,0.7215733225108226,0.22076644639418097,44,1
988,llama_3_3_70b_v2_retry2,10931,0.4160613226614,0.1953302589666226,0.2207310636947774,22,1
989,llama_3_3_70b_v2_retry2,11504,0.3705714393726042,0.1504252521715757,0.22014618720102852,24,1
990,llama_3_3_70b_v2_retry2,8878,0.5197260242261309,0.2998356466765557,0.2198903775495752,55,1
991,llama_3_3_70b_v2_retry2,207,0.4183009503209335,0.1988035506916176,0.21949739962931591,63,1
992,llama_3_3_70b_v2_retry2,10033,0.3908945277169723,0.1719969654528478,0.21889756226412452,12,1
993,llama_3_3_70b_v2_retry2,10665,0.3363843309562438,0.1177259663760123,0.21865836458023152,32,1
994,llama_3_3_70b_v2_retry2,3741,0.2815875991125655,0.0640117319996663,0.21757586711289917,34,1
995,llama_3_3_70b_v2_retry2,10710,0.4489433580477903,0.2317789372516203,0.21716442079617,36,1
996,llama_3_3_70b_v2_retry2,8080,0.3529397439186845,0.1358678371891383,0.21707190672954618,23,1
997,llama_3_3_70b_v2_retry2,3866,0.542294804264832,0.3259853121920247,0.2163094920728073,62,1
998,llama_3_3_70b_v2_retry2,11438,0.3608795409144423,0.1453640198832506,0.2155155210311917,13,1
999,llama_3_3_70b_v2_retry2,7434,0.8343964495693702,0.6189036479765381,0.21549280159283213,46,1
1000,llama_3_3_70b_v2_retry2,8168,0.317284700353616,0.5326539103167217,0.2153692099631057,59,1
1001,llama_3_3_70b_v2_retry2,3120,0.2964237321180322,0.0811092530385911,0.2153144790794411,56,1
1002,llama_3_3_70b_v2_retry2,9746,0.6167718949965586,0.4017340744572887,0.2150378205392699,56,1
1003,llama_3_3_70b_v2_retry2,10255,0.442725659843047,0.2276958902284849,0.2150297696145621,62,1
1004,llama_3_3_70b_v2_retry2,9847,0.2683122470891252,0.0536546945506184,0.21465755253850682,20,1
1005,llama_3_3_70b_v2_retry2,2716,0.6499064384509882,0.8644928817846381,0.21458644333364996,62,1
1006,llama_3_3_70b_v2_retry2,8839,0.9308858308505988,0.7166466536109394,0.21423917723965946,56,1
1007,llama_3_3_70b_v2_retry2,1711,1.2823983403337542,1.0685834082060497,0.21381493212770453,53,1
1008,llama_3_3_70b_v2_retry2,1235,0.3869201290123967,0.1731433190085151,0.2137768100038816,45,1
1009,llama_3_3_70b_v2_retry2,11611,0.2737468382820012,0.4870751006869094,0.2133282624049082,25,1
1010,llama_3_3_70b_v2_retry2,10278,0.5603531160799886,0.7731320360809075,0.21277892000091891,43,1
1011,llama_3_3_70b_v2_retry2,1243,0.2270911276859425,0.0143673558085693,0.2127237718773732,49,1
1012,llama_3_3_70b_v2_retry2,3205,0.3321010685640665,0.5446252730100072,0.21252420444594067,23,1
1013,llama_3_3_70b_v2_retry2,9979,0.2289073963326705,0.0179220779220779,0.2109853184105926,14,1
1014,llama_3_3_70b_v2_retry2,3082,0.5845670977567489,0.3740818839411141,0.2104852138156348,56,1
1015,llama_3_3_70b_v2_retry2,10736,0.4039145413014371,0.1938073013229068,0.2101072399785303,52,1
1016,llama_3_3_70b_v2_retry2,7616,0.4129712666414624,0.2033029756549493,0.2096682909865131,38,1
1017,llama_3_3_70b_v2_retry2,3501,0.8397185049745749,1.0483756419234362,0.20865713694886134,16,1
1018,llama_3_3_70b_v2_retry2,11503,0.3478529998099815,0.1392129629629629,0.20864003684701862,14,1
1019,llama_3_3_70b_v2_retry2,3228,0.7391808570494407,0.5311868686868686,0.2079939883625721,33,1
1020,llama_3_3_70b_v2_retry2,11613,0.2761427235766332,0.0687167566301883,0.20742596694644494,14,1
1021,llama_3_3_70b_v2_retry2,5440,0.2137742211334497,0.0063658176843948,0.20740840344905492,24,1
1022,llama_3_3_70b_v2_retry2,9237,0.3010905850542633,0.0937243802623606,0.20736620479190268,36,1
1023,llama_3_3_70b_v2_retry2,10782,0.6549299728273249,0.4476093479156993,0.20732062491162562,52,1
1024,llama_3_3_70b_v2_retry2,10516,0.4416722818669341,0.2347564856605035,0.20691579620643058,28,1
1025,llama_3_3_70b_v2_retry2,4331,0.3388087041528511,0.1329269207860297,0.2058817833668214,32,1
1026,llama_3_3_70b_v2_retry2,1971,0.5095996284716755,0.3039654845602426,0.20563414391143292,62,1
1027,llama_3_3_70b_v2_retry2,9340,0.3720001257050112,0.1669547293447293,0.20504539636028188,25,1
1028,llama_3_3_70b_v2_retry2,10273,0.4827203103645156,0.2801761309100881,0.20254417945442754,55,1
1029,llama_3_3_70b_v2_retry2,9685,0.3044731989642937,0.1019968756733462,0.2024763232909475,16,1
1030,llama_3_3_70b_v2_retry2,7546,0.2073631567019437,0.0057258342023454,0.2016373224995983,14,1
1031,llama_3_3_70b_v2_retry2,11427,0.8959916576986633,0.6944690476190476,0.2015226100796157,50,1
1032,llama_3_3_70b_v2_retry2,9326,0.5261340638363728,0.3246621939127758,0.20147186992359706,60,1
1033,llama_3_3_70b_v2_retry2,11067,0.3705566509137092,0.1692471819645732,0.201309468949136,23,1
1034,llama_3_3_70b_v2_retry2,2239,0.8897426506311115,0.6889767025627681,0.20076594806834336,61,1
1035,llama_3_3_70b_v2_retry2,10233,0.243934389260831,0.0434621925216988,0.2004721967391322,22,1
1036,llama_3_3_70b_v2_retry2,3552,0.2189961826673279,0.0186650093219028,0.2003311733454251,27,1
1037,llama_3_3_70b_v2_retry2,239,0.207654996763653,0.0078515248878343,0.1998034718758187,34,1
1038,llama_3_3_70b_v2_retry2,3016,0.4865318203352182,0.2869637448647537,0.1995680754704645,29,1
1039,llama_3_3_70b_v2_retry2,9856,0.2891986939512443,0.0897666615279417,0.1994320324233026,44,1
1040,llama_3_3_70b_v2_retry2,3086,0.8535464873804687,0.6543133736713364,0.19923311370913233,41,1
1041,llama_3_3_70b_v2_retry2,1404,1.1621388787250708,0.9629263329263328,0.19921254579873804,39,1
1042,llama_3_3_70b_v2_retry2,8533,0.4666548903370707,0.2675017626219985,0.1991531277150722,58,1
1043,llama_3_3_70b_v2_retry2,3217,0.8069520141358963,0.6087379476584022,0.19821406647749418,22,1
1044,llama_3_3_70b_v2_retry2,3702,0.5691841133867594,0.7672199944239418,0.1980358810371824,37,1
1045,llama_3_3_70b_v2_retry2,9926,0.415012041163104,0.217192599067599,0.19781944209550498,22,1
1046,llama_3_3_70b_v2_retry2,11003,0.3339955471310604,0.1386268481920655,0.1953686989389949,22,1
1047,llama_3_3_70b_v2_retry2,2718,0.4567087552345278,0.2616765268302701,0.1950322284042577,55,1
1048,llama_3_3_70b_v2_retry2,1685,0.4345086414135518,0.2397085975675977,0.1948000438459541,32,1
1049,llama_3_3_70b_v2_retry2,11489,0.4191578531439637,0.2246109735172235,0.1945468796267402,26,1
1050,llama_3_3_70b_v2_retry2,10761,0.2864197021651055,0.0919032356532356,0.19451646651186988,13,1
1051,llama_3_3_70b_v2_retry2,8537,0.353724142636129,0.1593427677504851,0.19438137488564391,29,1
1052,llama_3_3_70b_v2_retry2,3000,1.1782207771601962,1.3722474747474749,0.19402669758727864,22,1
1053,llama_3_3_70b_v2_retry2,11514,0.354739861209462,0.1611268570805854,0.19361300412887658,59,1
1054,llama_3_3_70b_v2_retry2,7664,0.6098322421278444,0.801507397665798,0.19167515553795367,62,1
1055,llama_3_3_70b_v2_retry2,3036,0.6276814650199896,0.4371562850729518,0.19052517994703777,33,1
1056,llama_3_3_70b_v2_retry2,3119,0.2614329938107234,0.0710365828034706,0.1903964110072528,51,1
1057,llama_3_3_70b_v2_retry2,8843,0.2363453042803509,0.046107342483868,0.1902379617964829,65,1
1058,llama_3_3_70b_v2_retry2,7966,0.2651972541910116,0.0750016145991378,0.1901956395918738,33,1
1059,llama_3_3_70b_v2_retry2,11560,0.2923462683684899,0.102550156329709,0.18979611203878094,66,1
1060,llama_3_3_70b_v2_retry2,10909,0.3826251805788758,0.1928400983970419,0.1897850821818339,24,1
1061,llama_3_3_70b_v2_retry2,7665,0.5302188075399241,0.3407242063492063,0.18949460119071782,14,1
1062,llama_3_3_70b_v2_retry2,6685,0.2698860072310574,0.0811521226773419,0.18873388455371548,63,1
1063,llama_3_3_70b_v2_retry2,1988,0.8494276326882785,0.6607341269841269,0.18869350570415155,42,1
1064,llama_3_3_70b_v2_retry2,9962,0.2019830238831982,0.0135891336961784,0.1883938901870198,30,1
1065,llama_3_3_70b_v2_retry2,2715,0.4983438876258794,0.6867205797135921,0.18837669208771274,35,1
1066,llama_3_3_70b_v2_retry2,9864,0.4861788408639545,0.2987709012053394,0.18740793965861513,34,1
1067,llama_3_3_70b_v2_retry2,1862,0.5040506874588369,0.3169238945578231,0.18712679290101375,28,1
1068,llama_3_3_70b_v2_retry2,10243,0.3978091244493257,0.2113227260062564,0.1864863984430693,68,1
1069,llama_3_3_70b_v2_retry2,10911,0.3491568576287598,0.1631356548848942,0.1860212027438656,20,1
1070,llama_3_3_70b_v2_retry2,10627,0.7756028346989716,0.5902266552266552,0.18537617947231644,37,1
1071,llama_3_3_70b_v2_retry2,11406,0.8138342769246033,0.6290354497354498,0.18479882718915353,50,1
1072,llama_3_3_70b_v2_retry2,5143,0.338548673026284,0.1546740765286516,0.1838745964976324,18,1
1073,llama_3_3_70b_v2_retry2,5286,0.880650343988982,1.0643209209535742,0.1836705769645922,49,1
1074,llama_3_3_70b_v2_retry2,3112,0.8589662607397754,0.6756715506715506,0.18329471006822484,26,1
1075,llama_3_3_70b_v2_retry2,1408,0.8045737537003181,0.9867478918650794,0.18217413816476125,64,1
1076,llama_3_3_70b_v2_retry2,9506,0.6412553783746757,0.8224048472435569,0.18114946886888117,31,1
1077,llama_3_3_70b_v2_retry2,8169,0.278025094827328,0.0972547008078329,0.18077039401949513,57,1
1078,llama_3_3_70b_v2_retry2,9841,0.9068044736881884,0.7263649039684603,0.18043956971972808,61,1
1079,llama_3_3_70b_v2_retry2,2208,0.6579251244666879,0.8381163731792074,0.18019124871251946,55,1
1080,llama_3_3_70b_v2_retry2,7660,0.992761708678718,0.8127572016460906,0.1800045070326275,54,1
1081,llama_3_3_70b_v2_retry2,11435,0.3527323760657804,0.5321811723973172,0.17944879633153682,27,1
1082,llama_3_3_70b_v2_retry2,1390,0.9584535351498252,0.7799603174603175,0.17849321768950777,14,1
1083,llama_3_3_70b_v2_retry2,7433,0.3105040956118385,0.132405427291211,0.1780986683206275,44,1
1084,llama_3_3_70b_v2_retry2,10711,0.6090744065842095,0.7865456331184458,0.1774712265342363,50,1
1085,llama_3_3_70b_v2_retry2,7623,0.7086462186619394,0.8860854626403408,0.17743924397840138,41,1
1086,llama_3_3_70b_v2_retry2,9963,0.3911105551870667,0.2149323062558356,0.17617824893123113,17,1
1087,llama_3_3_70b_v2_retry2,7570,0.4851415305522693,0.3089961454667337,0.17614538508553557,34,1
1088,llama_3_3_70b_v2_retry2,8589,0.4106922815125657,0.2347899208415985,0.1759023606709672,44,1
1089,llama_3_3_70b_v2_retry2,2778,0.2909205687784228,0.1150263087788103,0.1758942599996125,36,1
1090,llama_3_3_70b_v2_retry2,2372,0.465744835894168,0.2901639840718896,0.1755808518222784,56,1
1091,llama_3_3_70b_v2_retry2,11502,0.39770944354573,0.2221781789638932,0.17553126458183682,28,1
1092,llama_3_3_70b_v2_retry2,10658,0.4921002543846806,0.3171955163265061,0.17490473805817447,67,1
1093,llama_3_3_70b_v2_retry2,10751,0.4155330170606487,0.2409855106460376,0.17454750641461111,21,1
1094,llama_3_3_70b_v2_retry2,11440,0.3772296634714709,0.2035774140489613,0.17365224942250962,23,1
1095,llama_3_3_70b_v2_retry2,2303,0.7953811885417251,0.622586528968108,0.17279465957361717,38,1
1096,llama_3_3_70b_v2_retry2,3520,0.2596871333061372,0.0873832614942528,0.1723038718118844,36,1
1097,llama_3_3_70b_v2_retry2,11068,0.4046940543906474,0.2327415739035825,0.17195248048706488,26,1
1098,llama_3_3_70b_v2_retry2,9597,0.4147679420379624,0.2433191652115886,0.1714487768263738,39,1
1099,llama_3_3_70b_v2_retry2,9939,0.3005195591344547,0.1291729850027407,0.17134657413171403,48,1
1100,llama_3_3_70b_v2_retry2,1398,0.6833940242900979,0.8545734126984128,0.17117938840831493,16,1
1101,llama_3_3_70b_v2_retry2,6684,0.1999191957552139,0.0288112586579368,0.17110793709727712,45,1
1102,llama_3_3_70b_v2_retry2,918,0.2341157116457289,0.0632802601415638,0.1708354515041651,15,1
1103,llama_3_3_70b_v2_retry2,11572,0.389472572789599,0.218659107163595,0.17081346562600402,37,1
1104,llama_3_3_70b_v2_retry2,10889,0.2572915256034577,0.0869517543859649,0.17033977121749277,19,1
1105,llama_3_3_70b_v2_retry2,872,0.3507189080189175,0.1821204559792954,0.16859845203962207,74,1
1106,llama_3_3_70b_v2_retry2,11547,0.6716209926927064,0.503068738245072,0.16855225444763433,44,1
1107,llama_3_3_70b_v2_retry2,5163,0.17808924753897,0.0095385067607289,0.16855074077824111,15,1
1108,llama_3_3_70b_v2_retry2,714,0.3209916239203121,0.1529900786125689,0.1680015453077432,37,1
1109,llama_3_3_70b_v2_retry2,8747,0.3600794194679459,0.1924280138422675,0.16765140562567843,67,1
1110,llama_3_3_70b_v2_retry2,11555,0.3730568492587474,0.2054567820494238,0.16760006720932358,24,1
1111,llama_3_3_70b_v2_retry2,10026,0.3052056546086975,0.1381410125241335,0.16706464208456398,21,1
1112,llama_3_3_70b_v2_retry2,5438,0.423471534774691,0.2576723498863299,0.1657991848883611,71,1
1113,llama_3_3_70b_v2_retry2,10183,0.4837629230897985,0.3181789079492292,0.1655840151405693,33,1
1114,llama_3_3_70b_v2_retry2,5283,0.4376268014750226,0.6028578116278651,0.16523101015284253,22,1
1115,llama_3_3_70b_v2_retry2,9840,1.1760197744776475,1.3412500989871767,0.16523032450952924,46,1
1116,llama_3_3_70b_v2_retry2,3018,0.2715902366747602,0.4367888931487904,0.1651986564740302,43,1
1117,llama_3_3_70b_v2_retry2,9905,0.32719325138801,0.1623541981476206,0.1648390532403894,63,1
1118,llama_3_3_70b_v2_retry2,2867,0.2563550262719708,0.0915798390351982,0.16477518723677262,26,1
1119,llama_3_3_70b_v2_retry2,11656,0.4130729532294347,0.2482984271620635,0.16477452606737122,33,1
1120,llama_3_3_70b_v2_retry2,10910,0.4536637871590931,0.6176950615809311,0.164031274421838,23,1
1121,llama_3_3_70b_v2_retry2,4132,0.3540487411446554,0.1906357336349303,0.1634130075097251,44,1
1122,llama_3_3_70b_v2_retry2,9749,0.1749305314895248,0.0115392002970289,0.1633913311924959,21,1
1123,llama_3_3_70b_v2_retry2,9640,0.4484387419153566,0.611391978996468,0.16295323708111142,37,1
1124,llama_3_3_70b_v2_retry2,8576,0.4349193219262623,0.2725834575079879,0.1623358644182744,36,1
1125,llama_3_3_70b_v2_retry2,5187,0.205142841284445,0.0428070754817078,0.16233576580273718,12,1
1126,llama_3_3_70b_v2_retry2,9284,1.089661277018175,0.9275704365079364,0.1620908405102387,50,1
1127,llama_3_3_70b_v2_retry2,11628,0.4419288009502627,0.2799114988750536,0.1620173020752091,63,1
1128,llama_3_3_70b_v2_retry2,8606,0.5285194814117642,0.3673043938897598,0.16121508752200442,41,1
1129,llama_3_3_70b_v2_retry2,10932,0.4280347333614926,0.2675871006470683,0.1604476327144243,23,1
1130,llama_3_3_70b_v2_retry2,9186,0.5014085700277837,0.6614589901087228,0.16005042008093906,33,1
1131,llama_3_3_70b_v2_retry2,10625,0.6546496005872476,0.8136501200942943,0.15900051950704663,63,1
1132,llama_3_3_70b_v2_retry2,11556,0.868259357451079,0.7111083963206605,0.1571509611304185,53,1
1133,llama_3_3_70b_v2_retry2,1403,0.5947777916301135,0.4389727231832495,0.15580506844686398,38,1
1134,llama_3_3_70b_v2_retry2,6942,0.3520229125368712,0.5076092284591369,0.15558631592226574,44,1
1135,llama_3_3_70b_v2_retry2,9734,0.7019404583194166,0.5464277777777777,0.15551268054163891,25,1
1136,llama_3_3_70b_v2_retry2,9859,0.3980618406411553,0.5535428495722613,0.155481008931106,37,1
1137,llama_3_3_70b_v2_retry2,9913,0.3413833926641004,0.186348414399973,0.1550349782641274,35,1
1138,llama_3_3_70b_v2_retry2,9933,0.5975379942137136,0.4434671616963284,0.15407083251738518,24,1
1139,llama_3_3_70b_v2_retry2,11590,0.3391643885309152,0.4924316305187516,0.15326724198783642,22,1
1140,llama_3_3_70b_v2_retry2,11071,0.3605209012205771,0.2079281700403242,0.1525927311802529,22,1
1141,llama_3_3_70b_v2_retry2,193,0.8246428391411158,0.6725073099415205,0.15213552919959528,19,1
1142,llama_3_3_70b_v2_retry2,2989,0.3753098165979233,0.2234126859141271,0.15189713068379618,70,1
1143,llama_3_3_70b_v2_retry2,1292,0.3514423527494562,0.1996999490803237,0.15174240366913247,45,1
1144,llama_3_3_70b_v2_retry2,9222,0.2938286143440073,0.1421515819976697,0.15167703234633761,60,1
1145,llama_3_3_70b_v2_retry2,10349,0.4430057435486086,0.2913466405560856,0.151659102992523,34,1
1146,llama_3_3_70b_v2_retry2,10643,0.2551872925764641,0.1039127547999032,0.1512745377765609,26,1
1147,llama_3_3_70b_v2_retry2,10364,0.2292996224858343,0.3802350427350427,0.15093542024920842,13,1
1148,llama_3_3_70b_v2_retry2,1688,0.9335543532279116,0.7828745912557388,0.1506797619721728,61,1
1149,llama_3_3_70b_v2_retry2,864,0.3192936016299569,0.1686348817537383,0.1506587198762186,72,1
1150,llama_3_3_70b_v2_retry2,4305,0.327827842520258,0.177322805788299,0.15050503673195897,38,1
1151,llama_3_3_70b_v2_retry2,10094,0.5994204996646275,0.4503880944925721,0.1490324051720554,67,1
1152,llama_3_3_70b_v2_retry2,3868,0.2330873201847387,0.0841762726149585,0.1489110475697802,34,1
1153,llama_3_3_70b_v2_retry2,10926,0.3401216179325134,0.1919160027682755,0.14820561516423789,22,1
1154,llama_3_3_70b_v2_retry2,10030,0.2908016140313682,0.1429185270599467,0.14788308697142152,14,1
1155,llama_3_3_70b_v2_retry2,7661,0.6929651667167194,0.5458493396993666,0.14711582701735282,49,1
1156,llama_3_3_70b_v2_retry2,8577,0.4826403490704181,0.3357753366150768,0.14686501245534128,28,1
1157,llama_3_3_70b_v2_retry2,9908,0.2828957038922912,0.1363588166879153,0.14653688720437588,41,1
1158,llama_3_3_70b_v2_retry2,9548,0.9327956420689044,0.7862962962962964,0.14649934577260804,15,1
1159,llama_3_3_70b_v2_retry2,3841,0.6678507436173475,0.5225782542902219,0.14527248932712566,25,1
1160,llama_3_3_70b_v2_retry2,11622,0.2299836461605567,0.0851843744231403,0.1447992717374164,36,1
1161,llama_3_3_70b_v2_retry2,2245,0.7851936038645552,0.929293062904174,0.14409945903961885,18,1
1162,llama_3_3_70b_v2_retry2,11551,0.4296854052585747,0.2859211504836363,0.14376425477493837,66,1
1163,llama_3_3_70b_v2_retry2,5829,0.3353090914524887,0.4786551025876556,0.14334601113516687,39,1
1164,llama_3_3_70b_v2_retry2,2311,0.7124371792378312,0.5696354477213487,0.14280173151648257,63,1
1165,llama_3_3_70b_v2_retry2,11496,0.4903389246119393,0.348732657863372,0.1416062667485673,69,1
1166,llama_3_3_70b_v2_retry2,9228,0.4382499370385082,0.5789778300633565,0.14072789302484828,37,1
1167,llama_3_3_70b_v2_retry2,10780,0.3615644205250132,0.2210325502531356,0.1405318702718776,67,1
1168,llama_3_3_70b_v2_retry2,1720,0.4707431333664795,0.3303371266749283,0.14040600669155118,53,1
1169,llama_3_3_70b_v2_retry2,2520,0.6996494510289636,0.839923835125448,0.1402743840964844,31,1
1170,llama_3_3_70b_v2_retry2,7060,0.4010067225914295,0.2641989723239723,0.13680775026745717,26,1
1171,llama_3_3_70b_v2_retry2,8789,0.6795420033750241,0.8133914116928823,0.1338494083178582,40,1
1172,llama_3_3_70b_v2_retry2,10810,0.3330534325226538,0.1994122228781319,0.1336412096445219,22,1
1173,llama_3_3_70b_v2_retry2,9199,0.3708736889579511,0.2373773489280025,0.1334963400299486,45,1
1174,llama_3_3_70b_v2_retry2,1253,0.3674671140783647,0.5004897728894615,0.13302265881109682,46,1
1175,llama_3_3_70b_v2_retry2,11434,0.2917445084713672,0.1589030180439593,0.1328414904274079,26,1
1176,llama_3_3_70b_v2_retry2,11072,0.3945726980424032,0.2634008471130388,0.1311718509293644,25,1
1177,llama_3_3_70b_v2_retry2,7053,0.33364594987389,0.2024808684165535,0.13116508145733652,58,1
1178,llama_3_3_70b_v2_retry2,7336,0.4512249449714163,0.3208165084462874,0.1304084365251289,43,1
1179,llama_3_3_70b_v2_retry2,8830,0.6279347031884298,0.4976351968074456,0.1302995063809842,55,1
1180,llama_3_3_70b_v2_retry2,4049,0.2965733580069724,0.1687594984944734,0.127813859512499,36,1
1181,llama_3_3_70b_v2_retry2,3264,0.7122444287090696,0.839792688949174,0.12754826024010446,56,1
1182,llama_3_3_70b_v2_retry2,7692,0.2976806399350761,0.42504457593314,0.1273639359980639,35,1
1183,llama_3_3_70b_v2_retry2,4335,1.0797000615020451,0.9532962962962964,0.1264037652057487,15,1
1184,llama_3_3_70b_v2_retry2,8633,0.7439472299265302,0.8701180159860715,0.12617078605954135,36,1
1185,llama_3_3_70b_v2_retry2,4839,0.2335216302006397,0.1085736771398536,0.12494795306078611,17,1
1186,llama_3_3_70b_v2_retry2,6324,0.3973650577428365,0.272954650437795,0.12441040730504149,39,1
1187,llama_3_3_70b_v2_retry2,870,0.2549434422511654,0.1319844585169033,0.12295898373426209,38,1
1188,llama_3_3_70b_v2_retry2,9834,0.2481209609166366,0.1253291255988793,0.12279183531775731,34,1
1189,llama_3_3_70b_v2_retry2,731,0.3087692606913079,0.1872443503993426,0.1215249102919653,26,1
1190,llama_3_3_70b_v2_retry2,1230,0.355400697101465,0.2339048669329858,0.1214958301684792,21,1
1191,llama_3_3_70b_v2_retry2,8832,0.5694793312215841,0.4485363320412341,0.12094299918035001,39,1
1192,llama_3_3_70b_v2_retry2,9928,0.3076755119576337,0.1875797703557851,0.1200957416018486,51,1
1193,llama_3_3_70b_v2_retry2,11663,0.3597043686272037,0.2407624372084185,0.11894193141878517,66,1
1194,llama_3_3_70b_v2_retry2,5783,0.2633687749902302,0.1445249089289337,0.11884386606129652,26,1
1195,llama_3_3_70b_v2_retry2,5171,0.1797178486958216,0.0611547014445565,0.1185631472512651,13,1
1196,llama_3_3_70b_v2_retry2,8580,0.5261719939027384,0.6439484937852943,0.1177764998825559,17,1
1197,llama_3_3_70b_v2_retry2,7058,0.2880321255482787,0.4054324637434315,0.11740033819515283,41,1
1198,llama_3_3_70b_v2_retry2,11533,0.3660493574181442,0.2489590802186626,0.11709027719948162,32,1
1199,llama_3_3_70b_v2_retry2,3920,0.8531191953270473,0.7369655067155068,0.11615368861154052,60,1
1200,llama_3_3_70b_v2_retry2,10043,0.5626127362866894,0.677023171087574,0.11441043480088464,42,1
1201,llama_3_3_70b_v2_retry2,10838,0.3434220450525978,0.4573187834309284,0.11389673837833059,39,1
1202,llama_3_3_70b_v2_retry2,11408,1.0129139537721417,1.1263728719671342,0.11345891819499254,61,1
1203,llama_3_3_70b_v2_retry2,858,0.610369847435148,0.4972838907294035,0.1130859567057445,39,1
1204,llama_3_3_70b_v2_retry2,11661,0.3760328450996889,0.4882110314116217,0.11217818631193283,20,1
1205,llama_3_3_70b_v2_retry2,9752,0.3103389384121708,0.198738560933793,0.11160037747837781,32,1
1206,llama_3_3_70b_v2_retry2,5149,0.2325955651566174,0.1210979706567942,0.11149759449982319,17,1
1207,llama_3_3_70b_v2_retry2,9857,0.3665478395044279,0.2563650106507249,0.11018282885370295,21,1
1208,llama_3_3_70b_v2_retry2,161,0.864184490233799,0.9739469757013616,0.10976248546756262,57,1
1209,llama_3_3_70b_v2_retry2,9912,0.9474219518364267,0.8388617765411167,0.10856017529531004,41,1
1210,llama_3_3_70b_v2_retry2,9965,0.2780742977528849,0.1696986319411617,0.1083756658117232,33,1
1211,llama_3_3_70b_v2_retry2,6657,0.3997271573854886,0.291860941064795,0.1078662163206936,29,1
1212,llama_3_3_70b_v2_retry2,11439,0.4892632936960398,0.5968412024057187,0.10757790870967887,31,1
1213,llama_3_3_70b_v2_retry2,5271,0.3513764091818142,0.4575880503671518,0.1062116411853376,41,1
1214,llama_3_3_70b_v2_retry2,10355,0.4094990104466589,0.3045382783066607,0.10496073213999818,22,1
1215,llama_3_3_70b_v2_retry2,7051,0.2098855280484839,0.1055512859687018,0.1043342420797821,35,1
1216,llama_3_3_70b_v2_retry2,10644,0.8525122288557808,0.7485368320631801,0.1039753967926007,48,1
1217,llama_3_3_70b_v2_retry2,7689,0.8646128997963345,0.7607004727728411,0.10391242702349335,38,1
1218,llama_3_3_70b_v2_retry2,1978,0.5943956948745692,0.4912685016338509,0.10312719324071834,48,1
1219,llama_3_3_70b_v2_retry2,10089,0.7328120411019559,0.8354569651596437,0.10264492405768788,61,1
1220,llama_3_3_70b_v2_retry2,2003,0.4330736813373893,0.3308700704940257,0.1022036108433636,33,1
1221,llama_3_3_70b_v2_retry2,9329,0.385813623653431,0.2836206187863178,0.10219300486711325,51,1
1222,llama_3_3_70b_v2_retry2,5472,0.338671098229367,0.2399447297793598,0.09872636845000718,25,1
1223,llama_3_3_70b_v2_retry2,1675,1.3524783682486603,1.4495816798941796,0.09710331164551933,48,1
1224,llama_3_3_70b_v2_retry2,7655,0.3968737527631021,0.3007465386710364,0.0961272140920657,24,1
1225,llama_3_3_70b_v2_retry2,3143,0.7780279758186132,0.6820698223733938,0.09595815344521941,35,1
1226,llama_3_3_70b_v2_retry2,2203,0.4689259772658994,0.3730460959963669,0.09587988126953251,50,1
1227,llama_3_3_70b_v2_retry2,9768,0.5031193051207218,0.5989499244142101,0.09583061929348835,35,1
1228,llama_3_3_70b_v2_retry2,9884,0.4289173511386909,0.333906717558966,0.09501063357972489,61,1
1229,llama_3_3_70b_v2_retry2,2874,0.8892633665440685,0.9840216553004778,0.09475828875640935,67,1
1230,llama_3_3_70b_v2_retry2,11488,0.4319089415971269,0.3372129554866449,0.09469598611048197,16,1
1231,llama_3_3_70b_v2_retry2,10265,0.2812801039462022,0.3754358146560162,0.09415571070981404,36,1
1232,llama_3_3_70b_v2_retry2,5231,0.3495979151363131,0.4436199268026214,0.0940220116663083,41,1
1233,llama_3_3_70b_v2_retry2,1969,0.4006549394662632,0.3070798061648901,0.09357513330137307,42,1
1234,llama_3_3_70b_v2_retry2,9188,0.3995406308222702,0.3063622452975965,0.09317838552467372,38,1
1235,llama_3_3_70b_v2_retry2,7430,0.2832963854514739,0.3751647961076451,0.09186841065617118,30,1
1236,llama_3_3_70b_v2_retry2,9672,0.3495379833719266,0.4395444069031531,0.09000642353122651,38,1
1237,llama_3_3_70b_v2_retry2,8947,0.7257819676312885,0.815730281231926,0.08994831360063749,32,1
1238,llama_3_3_70b_v2_retry2,250,0.6130881564827304,0.5235436583092833,0.08954449817344712,32,1
1239,llama_3_3_70b_v2_retry2,2095,0.5972683313427204,0.5078033106939357,0.0894650206487847,48,1
1240,llama_3_3_70b_v2_retry2,9715,0.8837807788010299,0.7952681370353785,0.08851264176565143,29,1
1241,llama_3_3_70b_v2_retry2,8841,0.9840930017630852,0.8957810118731172,0.08831198988996802,55,1
1242,llama_3_3_70b_v2_retry2,11491,0.5295071825511003,0.4413361648909561,0.08817101766014418,30,1
1243,llama_3_3_70b_v2_retry2,7653,0.9283973045925524,0.840684244657459,0.08771305993509348,56,1
1244,llama_3_3_70b_v2_retry2,708,0.4620387781937566,0.3744994259498731,0.08753935224388348,59,1
1245,llama_3_3_70b_v2_retry2,11522,0.5142059511163088,0.4268809214730364,0.08732502964327243,31,1
1246,llama_3_3_70b_v2_retry2,5706,0.3390874453038996,0.426333150884875,0.08724570558097539,29,1
1247,llama_3_3_70b_v2_retry2,1245,0.4302053149672133,0.5163708996897821,0.0861655847225688,62,1
1248,llama_3_3_70b_v2_retry2,11573,0.9708299272271248,0.8848562378167641,0.08597368941036065,19,1
1249,llama_3_3_70b_v2_retry2,11412,0.2341363826214333,0.1489923433048433,0.08514403931659001,20,1
1250,llama_3_3_70b_v2_retry2,11664,0.621791720334005,0.5370834522620237,0.08470826807198129,28,1
1251,llama_3_3_70b_v2_retry2,704,0.2591329638405379,0.1762779725994828,0.08285499124105511,25,1
1252,llama_3_3_70b_v2_retry2,735,0.3029019262624902,0.3854616417849927,0.08255971552250252,42,1
1253,llama_3_3_70b_v2_retry2,9525,0.6091978109015219,0.6917291792570263,0.08253136835550434,46,1
1254,llama_3_3_70b_v2_retry2,5285,0.808115422830014,0.8904134304481526,0.08229800761813855,36,1
1255,llama_3_3_70b_v2_retry2,10325,0.885858094565424,0.8036111111111109,0.08224698345431303,14,1
1256,llama_3_3_70b_v2_retry2,7928,0.6448107054604185,0.5634461152882206,0.08136459017219788,25,1
1257,llama_3_3_70b_v2_retry2,2226,0.4223397735046409,0.3432249694749695,0.07911480402967142,26,1
1258,llama_3_3_70b_v2_retry2,1388,1.1178115628873468,1.1958867521367522,0.07807518924940537,26,1
1259,llama_3_3_70b_v2_retry2,3839,0.932363195286044,0.8543243525480367,0.07803884273800732,57,1
1260,llama_3_3_70b_v2_retry2,5812,0.396258977005526,0.3204105929476797,0.07584838405784627,21,1
1261,llama_3_3_70b_v2_retry2,736,0.3617507606447523,0.4367651758071649,0.07501441516241258,60,1
1262,llama_3_3_70b_v2_retry2,11576,1.0009403653680298,1.0744465112433863,0.07350614587535653,32,1
1263,llama_3_3_70b_v2_retry2,5491,0.2973688645257379,0.2239134721733189,0.07345539235241902,27,1
1264,llama_3_3_70b_v2_retry2,711,0.4595991605699394,0.3873135459261717,0.0722856146437677,61,1
1265,llama_3_3_70b_v2_retry2,6655,0.7029240178036702,0.7747536616350391,0.07182964383136892,49,1
1266,llama_3_3_70b_v2_retry2,6667,0.9570464742283749,0.8854800980946992,0.07156637613367567,31,1
1267,llama_3_3_70b_v2_retry2,9334,0.274899128985256,0.2036494372359197,0.07124969174933629,41,1
1268,llama_3_3_70b_v2_retry2,10277,0.6358851951776248,0.7058937177564629,0.07000852257883816,51,1
1269,llama_3_3_70b_v2_retry2,9747,0.5556459199242527,0.4864858413742342,0.06916007855001854,56,1
1270,llama_3_3_70b_v2_retry2,7620,0.5978008053998957,0.5291266029144818,0.0686742024854139,33,1
1271,llama_3_3_70b_v2_retry2,10904,0.2797712558503358,0.2113938004351538,0.068377455415182,21,1
1272,llama_3_3_70b_v2_retry2,10182,0.6763699858252794,0.6091069107923431,0.06726307503293627,63,1
1273,llama_3_3_70b_v2_retry2,4388,0.7615170998910107,0.8277151238591917,0.06619802396818097,59,1
1274,llama_3_3_70b_v2_retry2,8448,0.3609611215425461,0.2960896333856548,0.06487148815689131,49,1
1275,llama_3_3_70b_v2_retry2,2249,0.6267644041165661,0.6913252665013676,0.06456086238480152,64,1
1276,llama_3_3_70b_v2_retry2,11499,0.4475735052528577,0.3834826344549417,0.06409087079791603,43,1
1277,llama_3_3_70b_v2_retry2,2957,1.366893724146311,1.430621693121693,0.06372796897538202,42,1
1278,llama_3_3_70b_v2_retry2,11075,0.4043576108013114,0.3408026113671274,0.06355499943418397,31,1
1279,llama_3_3_70b_v2_retry2,1994,0.88175390844657,0.8182232860786173,0.0635306223679527,56,1
1280,llama_3_3_70b_v2_retry2,1457,0.7904222287925445,0.7273621735799936,0.06306005521255098,60,1
1281,llama_3_3_70b_v2_retry2,11508,0.5287712363645325,0.4663934457355509,0.06237779062898158,19,1
1282,llama_3_3_70b_v2_retry2,1715,1.0044993825249486,1.0665913947163947,0.06209201219144611,52,1
1283,llama_3_3_70b_v2_retry2,11495,0.3845255399665423,0.3226959417558206,0.061829598210721703,64,1
1284,llama_3_3_70b_v2_retry2,1928,0.446555762191376,0.5081021314253422,0.061546369233966225,58,1
1285,llama_3_3_70b_v2_retry2,2750,0.2941811142973819,0.2327682419523271,0.061412872345054825,25,1
1286,llama_3_3_70b_v2_retry2,10034,0.2745934270118308,0.2135279336405927,0.06106549337123812,18,1
1287,llama_3_3_70b_v2_retry2,8462,0.347630221410785,0.2870849350356109,0.06054528637517409,54,1
1288,llama_3_3_70b_v2_retry2,11567,0.232989985346118,0.175454292035414,0.05753569331070402,53,1
1289,llama_3_3_70b_v2_retry2,5832,0.3741652863930155,0.3171788685851186,0.05698641780789687,32,1
1290,llama_3_3_70b_v2_retry2,10760,0.4904235601818865,0.5473730609668109,0.056949500784924445,32,1
1291,llama_3_3_70b_v2_retry2,10934,0.4197557654546573,0.3629212165149665,0.05683454893969081,24,1
1292,llama_3_3_70b_v2_retry2,1698,0.8095786644843428,0.8663890443404332,0.05681037985609039,36,1
1293,llama_3_3_70b_v2_retry2,9669,0.4642133986995272,0.4087405172485817,0.05547288145094553,31,1
1294,llama_3_3_70b_v2_retry2,11667,0.492737305303471,0.4375925925925926,0.055144712710878396,15,1
1295,llama_3_3_70b_v2_retry2,11407,0.9866251532111237,1.040383945976051,0.053758792764927454,38,1
1296,llama_3_3_70b_v2_retry2,2248,1.1044504258931718,1.0520436507936508,0.052406775099520964,14,1
1297,llama_3_3_70b_v2_retry2,9385,1.1964647975651908,1.1459390096618358,0.050525787903354935,46,1
1298,llama_3_3_70b_v2_retry2,10620,0.3194630474074073,0.2695276680384746,0.049935379368932664,35,1
1299,llama_3_3_70b_v2_retry2,10565,0.3634298818595287,0.3138560197426816,0.049573862116847056,69,1
1300,llama_3_3_70b_v2_retry2,11483,0.4541767466538229,0.4046821474227892,0.04949459923103372,33,1
1301,llama_3_3_70b_v2_retry2,1703,1.0252139838907803,1.074054600235156,0.048840616344375753,54,1
1302,llama_3_3_70b_v2_retry2,6660,0.7667655789507788,0.8147533202394314,0.047987741288652574,36,1
1303,llama_3_3_70b_v2_retry2,6673,0.5221077179188955,0.5691951292828575,0.047087411363961995,45,1
1304,llama_3_3_70b_v2_retry2,3867,0.2786115800030855,0.2335926645469615,0.04501891545612399,22,1
1305,llama_3_3_70b_v2_retry2,10439,0.2293914791963664,0.2738805325109673,0.044489053314600874,13,1
1306,llama_3_3_70b_v2_retry2,3369,0.3311872832164012,0.2868920799192994,0.04429520329710179,67,1
1307,llama_3_3_70b_v2_retry2,3733,0.4357038107161195,0.3915461362964335,0.044157674419686044,29,1
1308,llama_3_3_70b_v2_retry2,3921,0.6654262384003852,0.6215184937611408,0.043907744639244406,44,1
1309,llama_3_3_70b_v2_retry2,9673,0.6903206721790331,0.7321602934102934,0.04183962123126028,33,1
1310,llama_3_3_70b_v2_retry2,1708,1.045144728586633,1.0035669545596015,0.041577774027031555,28,1
1311,llama_3_3_70b_v2_retry2,9950,0.4154455472113496,0.3747303921568627,0.04071515505448686,17,1
1312,llama_3_3_70b_v2_retry2,1856,0.7890960130331147,0.7484350459114609,0.04066096712165379,53,1
1313,llama_3_3_70b_v2_retry2,1704,0.5868353490832026,0.5468880952380952,0.03994725384510733,25,1
1314,llama_3_3_70b_v2_retry2,2960,1.2757065809916424,1.2357971426721426,0.03990943831949978,58,1
1315,llama_3_3_70b_v2_retry2,10868,0.6752060994067036,0.7148892432371782,0.039683143830474554,47,1
1316,llama_3_3_70b_v2_retry2,9663,0.5236862218899311,0.5622973443098516,0.038611122419920485,60,1
1317,llama_3_3_70b_v2_retry2,7657,1.2683503427016374,1.229761181991574,0.038589160710063464,51,1
1318,llama_3_3_70b_v2_retry2,3840,0.6505519258125098,0.6876863876863877,0.03713446187387792,22,1
1319,llama_3_3_70b_v2_retry2,6011,0.69952066061912,0.7365886005961839,0.037067939977063924,28,1
1320,llama_3_3_70b_v2_retry2,9250,0.2945190941849401,0.2578790960129784,0.036639998171961674,67,1
1321,llama_3_3_70b_v2_retry2,11441,0.3551023868608047,0.3185799501424501,0.03652243671835459,24,1
1322,llama_3_3_70b_v2_retry2,11624,0.5578376933766042,0.5217304851233423,0.03610720825326186,21,1
1323,llama_3_3_70b_v2_retry2,11669,0.5549263743834033,0.590756924351325,0.03583054996792168,29,1
1324,llama_3_3_70b_v2_retry2,1701,0.8371603549953324,0.8014043209876544,0.03575603400767802,30,1
1325,llama_3_3_70b_v2_retry2,3070,0.3516551662356878,0.3167267734477119,0.03492839278797594,15,1
1326,llama_3_3_70b_v2_retry2,6944,0.3622070173874405,0.3276258002175241,0.03458121716991641,44,1
1327,llama_3_3_70b_v2_retry2,6630,0.4495770631032936,0.4150986161986161,0.034478446904677496,50,1
1328,llama_3_3_70b_v2_retry2,11437,0.4796517370237631,0.4453040442463519,0.03434769277741123,26,1
1329,llama_3_3_70b_v2_retry2,1687,0.4705880347911551,0.4363007929319848,0.03428724185917026,57,1
1330,llama_3_3_70b_v2_retry2,11575,0.878250505390382,0.9124649246053096,0.03421441921492763,58,1
1331,llama_3_3_70b_v2_retry2,1712,1.2692951654174065,1.3033271679669984,0.03403200254959193,59,1
1332,llama_3_3_70b_v2_retry2,10762,0.6545728457651648,0.6211908044166108,0.03338204134855405,30,1
1333,llama_3_3_70b_v2_retry2,6654,0.5098370290236326,0.4793353174603174,0.030501711563315215,28,1
1334,llama_3_3_70b_v2_retry2,10624,0.655751548999009,0.6830575428470166,0.02730599384800758,30,1
1335,llama_3_3_70b_v2_retry2,11053,0.4302729627758865,0.4033019650401921,0.02697099773569439,19,1
1336,llama_3_3_70b_v2_retry2,11073,0.4286200935541874,0.4022378285965242,0.026382264957663215,23,1
1337,llama_3_3_70b_v2_retry2,3213,0.9140415405169444,0.9389199536912952,0.0248784131743508,41,1
1338,llama_3_3_70b_v2_retry2,8639,0.4019728715278243,0.4266477634304885,0.024674891902664198,43,1
1339,llama_3_3_70b_v2_retry2,3262,0.7763132388259258,0.8001509890572391,0.023837750231313293,48,1
1340,llama_3_3_70b_v2_retry2,2231,0.8135035967724092,0.7899147749739643,0.023588821798444903,62,1
1341,llama_3_3_70b_v2_retry2,11627,0.3694570739328251,0.3460924220115396,0.023364651921285506,34,1
1342,llama_3_3_70b_v2_retry2,2995,1.117230423138898,1.1400641025641025,0.022833679425204423,26,1
1343,llama_3_3_70b_v2_retry2,1232,0.4420514984918364,0.4212787595137861,0.020772738978050265,47,1
1344,llama_3_3_70b_v2_retry2,11666,0.5132707765020995,0.5333400111776726,0.02006923467557309,38,1
1345,llama_3_3_70b_v2_retry2,4185,0.3774734936613278,0.3596790511076224,0.017794442553705436,21,1
1346,llama_3_3_70b_v2_retry2,9213,0.5162758701453575,0.4992035326745534,0.017072337470804055,68,1
1347,llama_3_3_70b_v2_retry2,9328,0.7621833968782218,0.7791047451323185,0.016921348254096746,40,1
1348,llama_3_3_70b_v2_retry2,211,0.4448663400873314,0.4281537920719987,0.016712548015332673,43,1
1349,llama_3_3_70b_v2_retry2,3111,0.7211328253051594,0.7047543344095786,0.016378490895580855,53,1
1350,llama_3_3_70b_v2_retry2,10865,0.2924224378994423,0.2774606102839849,0.01496182761545739,18,1
1351,llama_3_3_70b_v2_retry2,8481,0.7723489750073786,0.7871237096237096,0.014774734616330942,39,1
1352,llama_3_3_70b_v2_retry2,8788,0.4624081009373415,0.4484709430048226,0.013937157932518929,68,1
1353,llama_3_3_70b_v2_retry2,6674,0.4842504045746918,0.4962345679012345,0.011984163326542674,12,1
1354,llama_3_3_70b_v2_retry2,10117,0.2824176011700615,0.2942088904527328,0.011791289282671313,14,1
1355,llama_3_3_70b_v2_retry2,2281,0.6080480471506962,0.5964354319036593,0.011612615247036828,39,1
1356,llama_3_3_70b_v2_retry2,8239,0.9942911904774656,0.9841183574879228,0.010172832989542857,23,1
1357,llama_3_3_70b_v2_retry2,1816,0.2099530367307508,0.21842730804241,0.008474271311659204,42,1
1358,llama_3_3_70b_v2_retry2,7069,0.2514886771147349,0.2599287853031587,0.008440108188423834,28,1
1359,llama_3_3_70b_v2_retry2,10811,0.4255345768814459,0.4174797378547378,0.008054839026708116,30,1
1360,llama_3_3_70b_v2_retry2,1968,0.4103278823254241,0.4023994702564221,0.007928412069002022,22,1
1361,llama_3_3_70b_v2_retry2,6704,0.404692352042803,0.4120307753396535,0.0073384232968504715,70,1
1362,llama_3_3_70b_v2_retry2,8536,0.4077805341483925,0.4150891513822539,0.007308617233861392,69,1
1363,llama_3_3_70b_v2_retry2,1090,0.6344436787685139,0.6411195457243721,0.006675866955858201,65,1
1364,llama_3_3_70b_v2_retry2,1863,0.6689690644521993,0.6753859336974257,0.006416869245226442,62,1
1365,llama_3_3_70b_v2_retry2,3736,0.4863222970701794,0.4921461521331315,0.005823855062952132,51,1
1366,llama_3_3_70b_v2_retry2,1401,0.73705621840986,0.742603860474231,0.005547642064370972,27,1
1367,llama_3_3_70b_v2_retry2,264,0.6354067755780555,0.640230559971126,0.004823784393070518,53,1
1368,llama_3_3_70b_v2_retry2,4146,0.6075694454004767,0.6039290801790802,0.0036403652213965465,26,1
1369,llama_3_3_70b_v2_retry2,9589,0.9860763688247416,0.9896282432038248,0.0035518743790832197,43,1
1370,llama_3_3_70b_v2_retry2,11442,0.4259017124126198,0.4256050986050986,0.0002966138075212177,15,1
